Month;#Commits
2015-12;15.0
2016-01;6.0
2016-02;0.0
2016-03;2.0
2016-04;4.0
2016-05;8.0
2016-06;7.0
2016-07;0.0
2016-08;10.0
2016-09;6.0
2016-10;5.0
2016-11;1.0
2016-12;5.0
2017-01;24.0
2017-02;13.0
2017-03;29.0
2017-04;12.0
2017-05;13.0
2017-06;16.0
2017-07;0.0
2017-08;0.0
2017-09;11.0
2017-10;8.0
2017-11;18.0
2017-12;21.0
2018-01;37.0
2018-02;17.0
2018-03;16.0
2018-04;4.0
2018-05;7.0
2018-06;3.0
2018-07;3.0
2018-08;3.0
2018-09;4.0
2018-10;17.0
2018-11;12.0
2018-12;33.0
2019-01;39.0
2019-02;20.0
2019-03;20.0
2019-04;4.0
2019-05;0.0
2019-06;9.0
2019-07;0.0
2019-08;0.0
2019-09;0.0
2019-10;0.0
2019-11;0.0
2019-12;0.0
2020-01;0.0
2020-02;0.0
2020-03;0.0
2020-04;0.0
2020-05;0.0
2020-06;0.0
2020-07;0.0
2020-08;5.0
2020-09;1.0
2020-10;4.0
2020-11;4.0
2020-12;0.0
2021-01;1.0
2021-02;5.0
2021-03;6.0
2021-04;0.0
2021-05;2.0
2021-06;0.0
2021-07;30.0
2021-08;1.0
2021-09;1.0
2021-10;1.0
2021-11;0.0
2021-12;0.0
2022-01;0.0
2022-02;1.0
2022-03;11.0
2022-04;5.0
2022-05;29.0
2022-06;3.0
2022-07;0.0
2022-08;0.0
2022-09;0.0
2022-10;1.0
2022-11;3.0
2022-12;0.0
2023-01;0.0
2023-02;1.0
2023-03;0.0
2023-04;0.0
2023-05;0.0
2023-06;5.0
2023-07;0.0
2023-08;0.0
2023-09;0.0
2023-10;0.0
2023-11;0.0
2023-12;0.0
2024-01;0.0
2024-02;27.0
2024-03;4.0
2024-04;1.0
2024-05;23.0
2024-06;1.0
2024-07;7.0
2024-08;9.0
2024-09;35.0
2024-10;6.0
2024-11;4.0
2024-12;1.0
2025-01;1.0
2025-02;2.0
2025-03;7.0
2025-04;9.0
2025-05;11.0
2025-06;2.0
2025-07;19.0
2025-08;6.0
2025-09;6.0
2025-10;14.0
2025-11;31.0
2025-12;9.0
2026-01;3.0
2026-02;0.0
2026-03;0.0
2026-04;4.0
