,sha1,project
0,0037fd55f7da9f2338e1a7f521e469941accce77,magazino_move_base_flex
1,0064cf71867825cfdec7cd9607eca8ae477b93d7,magazino_move_base_flex
2,008a36e9f9ae03fa07c8507e0eb82743dd1a78e5,magazino_move_base_flex
3,00e227992fab601180e1ce04888da46a2267a538,magazino_move_base_flex
4,00e52f5abeb1de7bbb7d31993e61d15a427311ae,magazino_move_base_flex
5,0105811b0d16fc329fb168a20836978ae76ff928,magazino_move_base_flex
6,0149e516781d0f228ed3419e65a33542b5240838,magazino_move_base_flex
7,0150a78dff419d2e0fc3d7dda478cba1d318b288,magazino_move_base_flex
8,0154e2df30730013d1dba77e837a394dd0042605,magazino_move_base_flex
9,016fd5afc0d64870eebda2d4bd522468ecd9ddc3,magazino_move_base_flex
10,01afcfb41b6707dd24236185000031105283cbca,magazino_move_base_flex
11,01ff44703311f5afa94f4b0bd5f66296e599898d,magazino_move_base_flex
12,025649520ff5b1947e25118f824ea54e0be8cde7,magazino_move_base_flex
13,025ab13d78970c5079d711a197a3341e310d4bd4,magazino_move_base_flex
14,02615c6bd940b6644f07f95b3b3a787a3ef50ba1,magazino_move_base_flex
15,026c918bc1e21a2f5c02011e4af5554893c093d8,magazino_move_base_flex
16,02bc18d72aaf9047ccba89fb7faa61093b7837f6,magazino_move_base_flex
17,030fa67510f9dded2ed26caaa9714572c3d8b852,magazino_move_base_flex
18,03792606f77c4402b2e17bee2f9122b071b4b250,magazino_move_base_flex
19,038c8295285b979558331fcb70fb038e63ef608f,magazino_move_base_flex
20,03c9d8b71e4af53bcf335445d1df614443358721,magazino_move_base_flex
21,03eb9b96200a27462db56031fd41a19156b6762c,magazino_move_base_flex
22,040e33ae2d477f3204e7d9b4f59fc3cea00358a1,magazino_move_base_flex
23,0419b7136a32693d2259efc7e13761ab77b784ac,magazino_move_base_flex
24,0424e49c8a6ebcc9790409a16ae7f3e1db836887,magazino_move_base_flex
25,0453b60c9be0a9125f0e039cd7e66297e2d93273,magazino_move_base_flex
26,045829737bee303864aacb66bd71e09c6d9affbc,magazino_move_base_flex
27,0475a7c3e8e24145ea515e0f83741430f845d8ef,magazino_move_base_flex
28,047b5733a7f17db217efbd3d4f7fe74fca649652,magazino_move_base_flex
29,050da883acfa51c51a1f3badb84b6af2705d24a5,magazino_move_base_flex
30,0525839fd5167f937736586128039e5dfe648f3c,magazino_move_base_flex
31,0531612393b9aea473fac9d2aae703ce214687d1,magazino_move_base_flex
32,05343f40e4039f33ef09c3265839217cb2d6a31f,magazino_move_base_flex
33,05b2fcaeb2765f4e483c8f10c93a9e167b30dde7,magazino_move_base_flex
34,0627c185a32b489342a5efe7bd7688c6c0a5c13c,magazino_move_base_flex
35,06be434dc9d2e7cb63e8e735d6d4725ecc5b2f87,magazino_move_base_flex
36,06be845f4c8c1d53e40f1afa9453f452c3390e6c,magazino_move_base_flex
37,06ca1822623834c3396a266fcf48bbbe5bca65e2,magazino_move_base_flex
38,06f03027344c8af43975bb022727ddbe45c66e5e,magazino_move_base_flex
39,07053497eca58615449f1a24073dd1ef9b1446c4,magazino_move_base_flex
40,0707081d986625b76c125aaaf0230b60a8ef5466,magazino_move_base_flex
41,07c3fe1e709e69e0e3d53a8a3a1cf97121600aad,magazino_move_base_flex
42,08356a24614d3d42b8be5c2707004852e398fbb2,magazino_move_base_flex
43,08361cb9b51ff1e0769e1a2b023a4e659c0efd65,magazino_move_base_flex
44,084d631f8dd831613bba7a14d00b0db8a8f8f6aa,magazino_move_base_flex
45,08a4b3894de3986bf30621484ded664d380f13e4,magazino_move_base_flex
46,08b208c929ddd980f2302813b79e671697b050e6,magazino_move_base_flex
47,0950a757105529786d308b9a6b7eb0471010171e,magazino_move_base_flex
48,09af99eea83084332c7f7ea8d13bd4961c535895,magazino_move_base_flex
49,09c897cf2949ea2e2b7f66b080c43a2a45d7446a,magazino_move_base_flex
50,0a0558393b5ae22cf0588d96766d215e44fcb08a,magazino_move_base_flex
51,0a0d1de87237d879d165192fb94ab858f66bbe06,magazino_move_base_flex
52,0a28387c045f46ca64901805dc6cbb6102c51eab,magazino_move_base_flex
53,0a5ac25778aef55df75a5f2c9e746a1a4e87d354,magazino_move_base_flex
54,0a5c0711935217807813f91b2f899b80ba8dd59a,magazino_move_base_flex
55,0a9ab7494a6f2f6e27f28bb9c70cdcfa9f82852e,magazino_move_base_flex
56,0ab2720f9cf1c0409aa4fd0d5c02315bb17b92a5,magazino_move_base_flex
57,0ab785d551b2d4622d1d822ba12c9e4bdcb96d1d,magazino_move_base_flex
58,0ac0d244daddee0b9aef6cff229938bf8b90386e,magazino_move_base_flex
59,0afcbc202797e8b6e495fb2433d1bdf39e991f12,magazino_move_base_flex
60,0b8a0fee9db030c0d391c8d8a1ca6772d2534787,magazino_move_base_flex
61,0c89008b6e2db13300d71aea0f1fbe0f4915d9ac,magazino_move_base_flex
62,0c9ee3e4b4e3e36a46bf5b3c2d0234a20e243fc5,magazino_move_base_flex
63,0cd2f0abaec39085d14d65bfc830f39e87064205,magazino_move_base_flex
64,0cf59e102154f712207616ec62c8910020d14804,magazino_move_base_flex
65,0d4380f07c929132a3ef213c29be54804fe6853d,magazino_move_base_flex
66,0d886bfc2ac710cfdd3d521eafc3d497beb7f7ad,magazino_move_base_flex
67,0df088090f3ac452373fd9d61c10cd6a6e906288,magazino_move_base_flex
68,0e38a850252c4a5a7742f6bcc75966f36a083997,magazino_move_base_flex
69,0e7b3a5c62b52c5004b70ab3694fbea621c63096,magazino_move_base_flex
70,0ec58a1781ea9e92f398e4b4bcc28f6bf8d86fb1,magazino_move_base_flex
71,0ecbe042b05792c52b2fd8ff7a271d520c5546ab,magazino_move_base_flex
72,0f11b769b9f2fd782f2af8f1469096a63e370b25,magazino_move_base_flex
73,0f2ec3bdd4a0abc4e2a9f65236571b3043886db5,magazino_move_base_flex
74,0f5d42c80157941e568198f068a4f62277d9ce27,magazino_move_base_flex
75,0f6857d3ffccdf997afd2837bbf097f461f68f22,magazino_move_base_flex
76,0f6b6293523a015a734786b51394cf43c6ba4edf,magazino_move_base_flex
77,0f90b2a928d4a393644a3714bddfbcf691b309de,magazino_move_base_flex
78,1020181385f44c21690441dd72a2183c5bbd0181,magazino_move_base_flex
79,102e1cd560c09c291b216b237ab0de9d6a5d6819,magazino_move_base_flex
80,105a08b5932fbcf44018071e2a319b51aed0d336,magazino_move_base_flex
81,1062af8106475fd13464325543c8785f9e8cea86,magazino_move_base_flex
82,106e6e186d22a690fe3d8d35019dc6b4033eda61,magazino_move_base_flex
83,1073433f4b211d40baee580e650ededd1b502005,magazino_move_base_flex
84,1105ee870b94555676b66bac8bfaf069e9fc1b2f,magazino_move_base_flex
85,11317a970bc1c00a761abd732ea889ec874b5e97,magazino_move_base_flex
86,115fb97ab9613b823f71fb55a73874851bff71f4,magazino_move_base_flex
87,116154a0f2f771113eba009c9a5fe4dc638456e1,magazino_move_base_flex
88,11a6663ca7795dca54f8ea32e43e8ec298fce1af,magazino_move_base_flex
89,1217fc79d01e695f20f04c0d899ec54c13528c2d,magazino_move_base_flex
90,1233941043f315fd57ae57be2f264055502b3add,magazino_move_base_flex
91,123f7d4896c9a7e5c275704ca926c49b75e6d2d8,magazino_move_base_flex
92,128886c89c9593d7d5b06cbb4380fcc8024082ef,magazino_move_base_flex
93,12c00bc32ac8d25d5cb089d51d53edb0d20be617,magazino_move_base_flex
94,12d605e6899aa7607c8787db4197c02e0666839a,magazino_move_base_flex
95,12d6b1092b6471a902e2b98e64448fce278f27f0,magazino_move_base_flex
96,12d9c9954ecd7feb08dae903552a8316b3510b60,magazino_move_base_flex
97,134ea6eb8086674ff7d5960933aed47481739d5e,magazino_move_base_flex
98,1354252dbf22c672f3e0ba15f0e169672029ac23,magazino_move_base_flex
99,13b06361190c8a69de0bf78186165f9372ffa16d,magazino_move_base_flex
100,13b7af0c85db68769f2654817402f012e75e1683,magazino_move_base_flex
101,13bbda1162df6f0cf20167616a6e9f96c70c78c1,magazino_move_base_flex
102,13e5c2ad306746d7b1e1ea13e7b68c2334874224,magazino_move_base_flex
103,13e7e14b75a61dd8e5d6f5b8b1b5b5f0c719f921,magazino_move_base_flex
104,14452a251f3685751b3add803dff6ec62930a4b8,magazino_move_base_flex
105,147d6cac8aa72d4b75bc94f81bfec121e139d322,magazino_move_base_flex
106,14b1310421037cc29c2aab7a00e34ce11a860849,magazino_move_base_flex
107,150efbf467f2235c633fd7d586108ccc74400de0,magazino_move_base_flex
108,1527f15f0829d244664d8856a4f38f61a99e1f07,magazino_move_base_flex
109,154f1fc948f336b611e610640742740f5e014d07,magazino_move_base_flex
110,155aba2215d267a7907110132fde8b1c091d7eeb,magazino_move_base_flex
111,158e112dc02146a51868df21694ecb34e3ca2d80,magazino_move_base_flex
112,15a18018c01dd966043663d7b012cf8efee92812,magazino_move_base_flex
113,15ac6a351466ec4ca80b03467aabb8c209ff459a,magazino_move_base_flex
114,15d05fa24a6a52dce3e7c5dfc2498845993fe491,magazino_move_base_flex
115,163845d92e1aa12d26999394b2bdaa98835fe679,magazino_move_base_flex
116,1656841804388bed1eb7229a1a1520ae06eddbca,magazino_move_base_flex
117,167263644176df6a0a649ca71b6e7b7b49616bc8,magazino_move_base_flex
118,167cefb3873f6a33e213f5a1217a7abcf645539c,magazino_move_base_flex
119,1718a8c673465570778c5d10d0bff29837b093ce,magazino_move_base_flex
120,176165558d0337266b0691ad09c0c01d35fdce6a,magazino_move_base_flex
121,17e8faee34130f73ec0f50d4e50282df8df751db,magazino_move_base_flex
122,18c1452e082b1b5ceba5bdc0bce027707d54be83,magazino_move_base_flex
123,18ce49de0429e525e09970993c8b4cb244bc58a0,magazino_move_base_flex
124,18ebda89bfa45ccd5bc85349cb8659674514c408,magazino_move_base_flex
125,18f332c469470defc8074f71f196ed0ccde6f4c1,magazino_move_base_flex
126,19138f4ff4e86cb81612f70e568dac38c192527e,magazino_move_base_flex
127,1930a1cebcf751c381f60f524ad1172db4780fd1,magazino_move_base_flex
128,19a298cad53aec7ffa44a72508adbb311e4b0b70,magazino_move_base_flex
129,19c5a6bc9d9a029222ffe67993e75af86e5bf12e,magazino_move_base_flex
130,19d691dbad667c49a210d7c93bfbe217b3993dfb,magazino_move_base_flex
131,19e9b16b912a06566f94523478b589dcb8ffe1dc,magazino_move_base_flex
132,1a2b45db6b58e0d03eb8f0fd8ce6ae332fcacdc9,magazino_move_base_flex
133,1a3b3f7367e643a3a8c7c7fb4fc1d0a905e780e8,magazino_move_base_flex
134,1aae92828ef333928f916f3292386e957b856721,magazino_move_base_flex
135,1ad2ebb558987ae5d368bc3f7f87af01ad07bc4d,magazino_move_base_flex
136,1b3f251cd826b6340b016dec1a2dcede212fc174,magazino_move_base_flex
137,1b4767ac60c106bd2baa0380a46def102384ff9f,magazino_move_base_flex
138,1be9f06664e47b832c5646b6e03089c8174be75c,magazino_move_base_flex
139,1bfc0d392e20896604a01bf22546b9637857dc43,magazino_move_base_flex
140,1c4349d3d8d7c66f5b1adcb17a709401f6a9eac9,magazino_move_base_flex
141,1c4d8ab2381f8137c2f3b7ce976e8a7e56fd1fb4,magazino_move_base_flex
142,1c5904dbb5a3bc0377dc85fbbfd4a01b48517e79,magazino_move_base_flex
143,1c7ef15a9c4ae515d207fb63ec8d32c5c5115b7c,magazino_move_base_flex
144,1c87608f63d5372c0a2ed517df112b8f2dee09a3,magazino_move_base_flex
145,1cd91b0bce4dd75f6e1266d062dec5d7c6537542,magazino_move_base_flex
146,1cf71081b3ef8e31a155d31c5d7fb8605aa179a9,magazino_move_base_flex
147,1d6bf354ce4ba03e3f5a5c444fe913b083ab5a62,magazino_move_base_flex
148,1daf2637a64fa66e5a045df80e4da06c1d58f337,magazino_move_base_flex
149,1e62bd3047bcc1b4a00c7dc687c2118053685652,magazino_move_base_flex
150,1e6540fc55cc1420f6f3e997f0b201aacccbfafb,magazino_move_base_flex
151,1eeb5fdb3ea45eee239c6acee485f1f41884d4a7,magazino_move_base_flex
152,1efcbea3637e9bbe9839ac1c18a404223b4a4862,magazino_move_base_flex
153,1f659187f3b4d550692e32893a711e5ec543636a,magazino_move_base_flex
154,1faa50e3561b469f835f2fb394916d6d4792ee6d,magazino_move_base_flex
155,1fbceecc97214833a125b6becd5688cf9cb5dbbf,magazino_move_base_flex
156,1fe4174c793a6e9e9a30801b1a9367055f7f6c6e,magazino_move_base_flex
157,1fe88b8826d54aafe6d8e3370b45b18d51922bfa,magazino_move_base_flex
158,2000be71c9bdcedfc4114e15dd14bf10f1c0f0f9,magazino_move_base_flex
159,20284cd1a5e1348ab68df695e3871e52b2a3520f,magazino_move_base_flex
160,2059b6ce8b0229f019b09726bd1160cfe62b941e,magazino_move_base_flex
161,20ab71427e21e239aeafea88e7357b837faea238,magazino_move_base_flex
162,20b09448c568b6d95498f616e0b2ab1647a4e8a8,magazino_move_base_flex
163,210cfd8c2ab96667c4dd61e9260296acf3ac1568,magazino_move_base_flex
164,21751a6463a8db906a37e464b7c37fde99a81ad1,magazino_move_base_flex
165,21d738cd5c0dbcd9c7f92da93d34477f6771d85d,magazino_move_base_flex
166,2202946242fe4da26ebc560e6e46dc0a232e0e57,magazino_move_base_flex
167,22041c0d9c31826b7af521b3773d86675a498051,magazino_move_base_flex
168,2226654bfba1d2c4d630fb0ce043fffc2253a889,magazino_move_base_flex
169,2250a9d729b25d14e302e40921d80c99057c257a,magazino_move_base_flex
170,22913f0a75165e21097f25bc0980135032ac05b6,magazino_move_base_flex
171,22aea8f68db8f97dc322cf92ea8120e8c382f5b1,magazino_move_base_flex
172,22af6b5049cbb1574d010390e97204656b1f5c9e,magazino_move_base_flex
173,2319e43f8939960e2a9baa2dee02673bb8e96c44,magazino_move_base_flex
174,23457ccfafc41b726c89c07e5978bfc52e15cbf4,magazino_move_base_flex
175,2382ac4a79144264fac5c4f338bd21629aea985b,magazino_move_base_flex
176,238650eef1c57a25a205b1f9b773598f2df7392b,magazino_move_base_flex
177,23b7479e3da1fc4e91131c2c22610684c123c0dd,magazino_move_base_flex
178,23d95ce5547e2ad6f4c04aca5f9caf8aa67dc859,magazino_move_base_flex
179,242e494b195741df1b4448e549f24990445fb14d,magazino_move_base_flex
180,243732ca8e7c24381ffd115c2ad39b73e0bf1d76,magazino_move_base_flex
181,2439cbcc3b6cfbf11c86b8a91a804fd0bced9634,magazino_move_base_flex
182,245e293bb5c0f3ea24d8b2ef52cc80e70a040111,magazino_move_base_flex
183,2463d08c7cff726b7c388bba1c73b0a407691532,magazino_move_base_flex
184,2473aa3623ac50e6895af1564a52cb41c9e166bb,magazino_move_base_flex
185,24755a5cbca3da9fdea0a87a7db07ebb31562f03,magazino_move_base_flex
186,24773160f4ea2346adec2a5029db56aba807deee,magazino_move_base_flex
187,24e129c702f3055a2c7de660767504f92763f3b2,magazino_move_base_flex
188,24ebb7942d548e9c63662102ba3e7ff5d45127c1,magazino_move_base_flex
189,2523742d9f295d87d993bba20a64c54f8121d718,magazino_move_base_flex
190,2576ef331ed6c07e8b582c7bbe61f0b7ea2dae94,magazino_move_base_flex
191,25b76e386a7485d10f579056bb43fca057f96d1a,magazino_move_base_flex
192,25d38f2ed610a77e87c974701074c39bb2d0a503,magazino_move_base_flex
193,25eddb8529da5d5d5d04da9451c70c1b7fa3bf5b,magazino_move_base_flex
194,2633426e21403c84d4b395bfc12b5bc852432d49,magazino_move_base_flex
195,2657775394d2f292b790bc636c1c31cafce0f451,magazino_move_base_flex
196,266157b883f7986b4c995fab3fcba5006cf43ef0,magazino_move_base_flex
197,272dd2d002dd829edddddfc9265d0ada8f811ba4,magazino_move_base_flex
198,2782977ecb29f00b57e18f544b40ad35261a487a,magazino_move_base_flex
199,27b061cb34bb7e5b9ed748f9f0ca4807caf44153,magazino_move_base_flex
200,27f3ffbf71d3139eff05ed2095e04e71f2deec0d,magazino_move_base_flex
201,281c5bdb5f16418b23e947e381c40c5b929064dd,magazino_move_base_flex
202,28802a2c55ba3804ba0aaf1996d66e9c28a9a345,magazino_move_base_flex
203,28a1af23abc1c503559664e2130b582f87afe185,magazino_move_base_flex
204,28f8060784e59d87acb935c65d956de6b550d2d6,magazino_move_base_flex
205,2908bcb17df6d7265a0a8d9feed97e62dab27603,magazino_move_base_flex
206,293995c82627faaaf21172d612573a0625945548,magazino_move_base_flex
207,294adb32f2b5fe71e85ffd50a0e4113f7e632242,magazino_move_base_flex
208,295ccdba883033c86c729c8222d59760eb0bfc62,magazino_move_base_flex
209,296ba5e9af319c0f1ef84582bc431e51e4a024ec,magazino_move_base_flex
210,29718a8e5e76f0eacb7d076ca33e22bd9b9d1a96,magazino_move_base_flex
211,297fd0ad06886a7356a1f84c45b2b0b684779083,magazino_move_base_flex
212,2982b0d8c37729ee7e17117ba9155cb87498de47,magazino_move_base_flex
213,29e40a9f5306388a1686ce248a2bda848af06f3d,magazino_move_base_flex
214,2a0169cbd1cc5d82f27d63591c43a845fde24819,magazino_move_base_flex
215,2a870cdc8e84c6d733dc302b524e8389f4d33660,magazino_move_base_flex
216,2b629385956ee05b38fa7d0aa10033c9333daaf7,magazino_move_base_flex
217,2b66ddcd1b73f332c6715b54f79c642454476d3b,magazino_move_base_flex
218,2bb818e0c0ad8b592b70990246ea084bff93f1c5,magazino_move_base_flex
219,2bc9675d4908d10ddce9475f3bb0ea3933bfb3ea,magazino_move_base_flex
220,2be4d30ef556c4cda364fb9c300cd18d6316f1c8,magazino_move_base_flex
221,2bead74af174d8fe4cbf3ebd249a038aa247c5c1,magazino_move_base_flex
222,2c1ec5edcf46267bd8f4231b0bb54987e9fd2acc,magazino_move_base_flex
223,2c59b56269a25f999244756d3a74a7de0fbc14fe,magazino_move_base_flex
224,2c82b807891e55f03dc6c36712359106f027ce54,magazino_move_base_flex
225,2c9f72273b9fa154637afda79b31ca35f6e7b80a,magazino_move_base_flex
226,2cff33c19340fb8f0e35152263baeba0c7ca3a63,magazino_move_base_flex
227,2da06cd277a26c8a96508755ad1ab2be226c1ab3,magazino_move_base_flex
228,2de2e36db4e6ce7d67c0b46dae2efd6fc3d35c17,magazino_move_base_flex
229,2e2b2bf0247a6286afe93b3026b00f5e91c445cc,magazino_move_base_flex
230,2e4688fd641d6c821baf5b31288fef6967c3133f,magazino_move_base_flex
231,2e4d4028f9cc94092e6453fe38372b21859e8710,magazino_move_base_flex
232,2eb6bb7eebbf5de2b0f09716b5b24fb96229c5be,magazino_move_base_flex
233,2ef9f59094e3c6be2b9c0360ee05d341f6911fb1,magazino_move_base_flex
234,2f26149cc22ee22160c3ed46effdba4a371e5af2,magazino_move_base_flex
235,2f293b87cc9545e5e8bc56ecfdcb010582343b81,magazino_move_base_flex
236,2f580b71cc4a0b96465af47bba05e9db172eb76b,magazino_move_base_flex
237,2f953dc55feef61d4a730d90d3cc198ab5660db9,magazino_move_base_flex
238,2fceb9d4a57743f353a49fec2aac3cb45534f1ff,magazino_move_base_flex
239,2fdf9d25548d83ddc970e95bf11a868fa7397b3d,magazino_move_base_flex
240,2fed387fdfb4ebbfd0f9abd6f9e1332fda858f50,magazino_move_base_flex
241,300eb5051761f806668628146c455fc7ea265414,magazino_move_base_flex
242,309d71da24b36a9462d1609c542ab55842bcc129,magazino_move_base_flex
243,30a3593d4d8bea6783d02936c53507d71024f478,magazino_move_base_flex
244,311b2d507afa767137f22d76648643ce187cf035,magazino_move_base_flex
245,312a97d682d9c2e47a0304c28cd79847fc4cbe31,magazino_move_base_flex
246,31490eb1df6ae5ed124ecdf74e8a244c50ad4ab1,magazino_move_base_flex
247,3153a5b97e8cb511a61f0ae7f58d5c012b320e53,magazino_move_base_flex
248,317610e566bbb91cfc743b8f5c7d8f8ad2ea802d,magazino_move_base_flex
249,3191b038355063f44dce90264d7111b3cf9f1d2d,magazino_move_base_flex
250,31c59a6cac678fa7bf3572bd2e39a1236bef8818,magazino_move_base_flex
251,31d17577686529c44f6533875c8d7d1e1c696aee,magazino_move_base_flex
252,31d94fc718fdfc49fb3874df985d62adc7c9d955,magazino_move_base_flex
253,31f032aa55ccc5c6c5aaedec4d711ac206706e5c,magazino_move_base_flex
254,31fda55ca53a530ce733bdd53fe47619b1e48fff,magazino_move_base_flex
255,324d9e359e0f5a70e9827e231fa91a872578c70d,magazino_move_base_flex
256,3253040bf7799e9b523adb1c2d9b7c98dc83ce7a,magazino_move_base_flex
257,3307db9c2137c25b28e9e8252692d4ad2bb6c79e,magazino_move_base_flex
258,334149fee8190987512ab091910c6182f58f41da,magazino_move_base_flex
259,337d6112b0d3bc415f9c0b3c2fe300498644b56b,magazino_move_base_flex
260,33ae461fc2c522b9b382bc1faefb17c5164cbc58,magazino_move_base_flex
261,340ed8e5a6db2ad1e2acfa743c14f5c5d87dffe7,magazino_move_base_flex
262,342ec621b56f20ab9da8452f7f94d69e12ec3aa3,magazino_move_base_flex
263,343da6f31e9bd4baff5809b9fe2c418e8b99b46e,magazino_move_base_flex
264,3482b92995be4769e5d0a57bf11227bc4851e1f3,magazino_move_base_flex
265,34f45c0f13a18e5977e5c5e04096400046f5dc75,magazino_move_base_flex
266,351aea377a7e0b6a898a74d7d4566e546c81d68c,magazino_move_base_flex
267,352011d45845ed3e45b4dcedefb0d93f7656786c,magazino_move_base_flex
268,359b91f342739df34501fa0505d83baad538e86d,magazino_move_base_flex
269,35a0bfb3c5c2b09c4f4dab23cfd5ec0062c4dd98,magazino_move_base_flex
270,364b230124ea5a0b0f0572d44e40b9eecd84cf52,magazino_move_base_flex
271,364b3012af375e487d4e99331bf7fd48c40cb545,magazino_move_base_flex
272,3655b1c27f0e5b1caa1f3a0f71395ee35a302ae6,magazino_move_base_flex
273,3666def384e8945af4cd567948148cece7001fd3,magazino_move_base_flex
274,367269c3c2427dfee29426e5f9f136731fb3b049,magazino_move_base_flex
275,36d83b645beb58b331c99faa2217eca59bd371d8,magazino_move_base_flex
276,36f6fa6b5e3f4de2e197ddf9b8ac186e430aae04,magazino_move_base_flex
277,374d2fb3eaf8f7b33e42edc04c2ff9b931ce11c0,magazino_move_base_flex
278,3752ab6558fe1c6c7f02dd1b88dcc0afd3d0aeb1,magazino_move_base_flex
279,37565c9ac5dd2fd809d113769da4fc051abde906,magazino_move_base_flex
280,3762b6e2d95a6a3feb7714eb8e9b19c31965c4ba,magazino_move_base_flex
281,37670d043602f8895b29fb1dd9536dd97883659c,magazino_move_base_flex
282,37cbd0fbc501046c782c9defac7af940bbb4053b,magazino_move_base_flex
283,37d8a295ed78e0789fed88a1383ac45ae37d2dd3,magazino_move_base_flex
284,37ddb3ee683324d7222d099a0fc3ecf1795eb5ef,magazino_move_base_flex
285,37e71f3d4aeb5de8b2a4de05150b8ff91c534957,magazino_move_base_flex
286,37f629010b4955c38ef9f1f0719db90c144347b0,magazino_move_base_flex
287,3845bb327907acb7af080f74b831eb9fc5a90044,magazino_move_base_flex
288,3872c069fece00e03f94fa921ce1ad224cdc3695,magazino_move_base_flex
289,38759451b37216c6f640bd7ab36c1b3fde95902e,magazino_move_base_flex
290,38bab7feeabd130bd7aa8f22f7648494cf8a093e,magazino_move_base_flex
291,39629caef9d2706d6664fc3abba00f4087d099f5,magazino_move_base_flex
292,39d644d358113fea48edb1562327764c1cc5783e,magazino_move_base_flex
293,39fef2db4e5bacc0974dce66f0d7bcd69e3f2f9e,magazino_move_base_flex
294,3a3c2111508960ca4d166acfc5d4c13bedb87d94,magazino_move_base_flex
295,3a47ba4f101ece2b67f6338e68c46fad876c8606,magazino_move_base_flex
296,3a966d48a4f637701b798d23411f72c9e984d9be,magazino_move_base_flex
297,3af8453918f7a0b318725e273410bfa863be302d,magazino_move_base_flex
298,3b01096d04f5b8fb02c8442b74acd1c55ca8643b,magazino_move_base_flex
299,3b133260aa020a4d007d0eedd56105f79b3863cc,magazino_move_base_flex
300,3b3bf8c41a8604e96da36b0376486ba18ac8a562,magazino_move_base_flex
301,3b505cf9dda97f1b8e95f450f6384d34d5aa9100,magazino_move_base_flex
302,3b7e4dd1e3b45ee49e8e863e9359f0899ea997de,magazino_move_base_flex
303,3b86ba6dd583380f7e917c3050a4b8c7a2b33d12,magazino_move_base_flex
304,3b8f6c7f7b248522c168899d9ea24800a5ba1813,magazino_move_base_flex
305,3b92a74b17723705d1cf3f20f414241c42cfd92c,magazino_move_base_flex
306,3b9f8b697750d274584d5f04cd1a87a857d4fab8,magazino_move_base_flex
307,3bbdaaecca6a512d239c51cfd995bb2f6282d18e,magazino_move_base_flex
308,3bd7cdf8797530c8c623f361cf334dbf8c2688d3,magazino_move_base_flex
309,3c2329ae88e380c2fc1e31821f53a47f0c464cc5,magazino_move_base_flex
310,3c39e64975f88ddea4afba27a05b908188dc5a88,magazino_move_base_flex
311,3c7b7f1640f71ee2f37b584b9e02bea4435f5d36,magazino_move_base_flex
312,3cc8c0fcdf7de38aaf50c95d9963b799da274018,magazino_move_base_flex
313,3cf7ee0146a4031152caac693e2083a06cd44a1a,magazino_move_base_flex
314,3d31425cf640bee4d3f503178d1b6b9472cb064b,magazino_move_base_flex
315,3d65ee512cafa524e03b18d489a2b5e03371d9b6,magazino_move_base_flex
316,3da06cc509979683b1bb4c713e2d220911eccf7f,magazino_move_base_flex
317,3da06d2c6e01a52a05520f1fc0b91d79b83f5708,magazino_move_base_flex
318,3db435fb11e8a75b71a20f6a758dc9b2d3c1b490,magazino_move_base_flex
319,3db78a649ec6fcb05bd3dd9233e4e5a0836b49c0,magazino_move_base_flex
320,3dedf54a3f155b43c2df2c37f8405bdcd774abef,magazino_move_base_flex
321,3dfc189e01487613598f48260b0dd958c85e870e,magazino_move_base_flex
322,3e55ca65e0fad451929d5061d5116a55f4807046,magazino_move_base_flex
323,3e64a1059a5dac7b34646d4250ac1449182c7f0d,magazino_move_base_flex
324,3ed153f8880ca854b19e437ff54fc60f1d27a7fa,magazino_move_base_flex
325,3eed5e759a0978646124b2442ea25cc8cf399815,magazino_move_base_flex
326,3ef75b1b7a2f60bb6ea9d5efdc92f234321cc305,magazino_move_base_flex
327,3f6441a3b01c64b5b47d043c9b9d5e06d64bed8b,magazino_move_base_flex
328,3f6e3fa112f03cfb589789095bbe52c831a9a929,magazino_move_base_flex
329,3fa9af0d00e9ec877618732bb4d0c18ab5db6561,magazino_move_base_flex
330,400bec0837d899fd267636864682aad01c463a9a,magazino_move_base_flex
331,40436c75f2bc75eb889daad6978271fb8b1b1d12,magazino_move_base_flex
332,405df4b06c632ef0225022b820d2d4741df246f0,magazino_move_base_flex
333,408b9df6f3e5df257fc134dafa6de3a25c58545d,magazino_move_base_flex
334,40e9aa7d8969f8d5cc080533aba7a7633a034388,magazino_move_base_flex
335,410aee173739af53f6c956e3aadd597b6e79a4b2,magazino_move_base_flex
336,41327aef7f922559d930108cd87c1d4561597f98,magazino_move_base_flex
337,414668eba0ed8132f0c47b288df07d5e05e0b65b,magazino_move_base_flex
338,42111c595d75f6f516e47be096594494076230f1,magazino_move_base_flex
339,4224f8f8ca5c943d9e9af413c8a09e92944cb69a,magazino_move_base_flex
340,42e131331c3425c541b185850b5adab5d9835892,magazino_move_base_flex
341,42f99f1fafb46eace4dc5a485591cd9288dc02ce,magazino_move_base_flex
342,43063b9577ea11a122f65b6067ac9c76dfee92f0,magazino_move_base_flex
343,43219159d26f81ff6e3b2d7a07a562472f8251eb,magazino_move_base_flex
344,434302e56637f7668cd4785c77300b1041fabf6a,magazino_move_base_flex
345,436ed35965caf83bf3faeb09409a70be0d427c5e,magazino_move_base_flex
346,438e7f200ff38b9b90901ff6de3dd32582705f64,magazino_move_base_flex
347,43d0c26fda001567e681a758dbcf29a920ebc607,magazino_move_base_flex
348,43d89d1a72e0d3e31e6532d0abaa0cf6dcb71ac8,magazino_move_base_flex
349,43d9aa57a09e007b037c48e41deb2804ec768e2f,magazino_move_base_flex
350,4456447a3f4a3ce99d6b1c484b9d9eb08d542aad,magazino_move_base_flex
351,447b50075410ce4a7d5f5d50c652f20a6a52214b,magazino_move_base_flex
352,44de612d4f7ccac9b3b56e9801093c40b72b0570,magazino_move_base_flex
353,44fa510915d34fdce0b12e4271839a3cf1e5dfaa,magazino_move_base_flex
354,4502ae89fc87e0fca5415486196d668dac40ea6a,magazino_move_base_flex
355,4505f0a1f8ab099a103efe4f5c95760b20ad200a,magazino_move_base_flex
356,45232668af83922271c5f92e3706b0c3602f863b,magazino_move_base_flex
357,4583ac523e78820da8febed90ca4c7e3ae93cc42,magazino_move_base_flex
358,45eb3fb939ee3219967b8dbec36c08bc12dd664d,magazino_move_base_flex
359,462c3c7a499d6150b56ad50c30515438585ebfba,magazino_move_base_flex
360,4654a5c0a7a635289d2b46eaf06fd7042f0d69cb,magazino_move_base_flex
361,46a1019f379f253d9163f4f829d25beaaa8e8c0a,magazino_move_base_flex
362,46a2d8ef3a901b303f48ec6ca397a5ee6990e3d7,magazino_move_base_flex
363,46ac3e29224c4334b9e0fc2a50d9a6f4a04b4117,magazino_move_base_flex
364,47024e6483364f8cf00f8c96bb0ad4de99cb9de6,magazino_move_base_flex
365,4705f810edc84624c2de4b49bf978d02040cc947,magazino_move_base_flex
366,47369df2ad54b1f2d2aed2504695ddd9ca8136e7,magazino_move_base_flex
367,476ff7dea37ed3ede8220f849f8d79708a5f5531,magazino_move_base_flex
368,478b369e932ce0e6dc845d7f2ea7f7ea678a8520,magazino_move_base_flex
369,47d6e2c59adf089f4ff5c857c6e0f0e6d3d56083,magazino_move_base_flex
370,4807d901f1d70b38656944ad02e9e3ed6d41adbc,magazino_move_base_flex
371,48540082f03c36f071a8bebcaab629387c22593b,magazino_move_base_flex
372,48671e2917cd33c31b9b64d19087b2a52ddba1cd,magazino_move_base_flex
373,487439ba909ed5b4c90c59d8ad21ca2010953063,magazino_move_base_flex
374,48808fe16e99740a5e8ba5a0994e9f1998a241e2,magazino_move_base_flex
375,488bae90bf8ef143575eb81d2709935f8b4b4983,magazino_move_base_flex
376,48a0102215d44d24f06422dacceacb532fd9bdc2,magazino_move_base_flex
377,48a4487a93d917e5bd7e691885ce1ae6480a7ad2,magazino_move_base_flex
378,48e9356bad7c199f274cac6be208fcb7d09f717f,magazino_move_base_flex
379,4935e1a578eb3af1e53dccdba8007fe1324d8ce2,magazino_move_base_flex
380,4a02a9937972c9629bbbc99a1ab0a6cbd36dd514,magazino_move_base_flex
381,4a0c1f5cd74df28dbfa01ef02299ff639f2f4ccf,magazino_move_base_flex
382,4a37577860f3c1b24abfa877a54ad86ad3e772b9,magazino_move_base_flex
383,4a44d42029a22bbbd3057da8096e6a901dc47cae,magazino_move_base_flex
384,4a6f3dadadb98f45b3190c0a6861b595c1eb2eee,magazino_move_base_flex
385,4a8e34305e053f969089255d61913be958373b6b,magazino_move_base_flex
386,4a8fd14a76a7d6de3b1756359c22c9150487f4ac,magazino_move_base_flex
387,4ac7d902ef2f8e2d136701bbf5dc4361b299df3a,magazino_move_base_flex
388,4b005fbc3e5431150f8fd052e7bb9f37fa083f47,magazino_move_base_flex
389,4b2dea37ade5376032d22d5515bdc0996bcdc0ec,magazino_move_base_flex
390,4b4af00acf4f86478b390301bf2eba687b493bc8,magazino_move_base_flex
391,4b5a1c0a13bbbc07f587dc22e7036c8dc5c16fb6,magazino_move_base_flex
392,4b7ee6a3e905eee6ea5721056dbb493292e80bea,magazino_move_base_flex
393,4c3fc1d133f096eed49b76e2d9d91c5302214743,magazino_move_base_flex
394,4c47641e716691c4095b0fe6958d0ab1ea3166ae,magazino_move_base_flex
395,4c5a1eeca79fb7a996c131546cb730c3da1e76dd,magazino_move_base_flex
396,4c79d687f0683e75f726c55867558a837e765f92,magazino_move_base_flex
397,4cb0bc0c47b8e5fcb5bdb815b5641b4115c0dd13,magazino_move_base_flex
398,4cb0f6e69dc894ad4148411d0d1d5a493bb7abce,magazino_move_base_flex
399,4cc6179d16014804c9124391ab43470d7b6f7826,magazino_move_base_flex
400,4cd8ed71e964907776685c2b569fc1323aae1ffc,magazino_move_base_flex
401,4ce176f03c048ff798ba1643f01be0c043dbd9d3,magazino_move_base_flex
402,4d34e79040c57fec8a7201651f2610a3c5aba441,magazino_move_base_flex
403,4d53f806402703eba506161c289d7e70b7420982,magazino_move_base_flex
404,4d5ac74d24225ce524524154b00005fffa325f37,magazino_move_base_flex
405,4d66a6c027ad4974f64c2a3f49f92ec798ce2b24,magazino_move_base_flex
406,4d7b5813c7e14195cf0828e5e96582a3e2f471e9,magazino_move_base_flex
407,4d81ecbc69362b83a5597e1af7b59e02fb4483b1,magazino_move_base_flex
408,4dd8c8034e61c5b7d672a98d54f22a352e160fd7,magazino_move_base_flex
409,4ddae64c5c7fdf32763dda81b88b15dd9a3b6abd,magazino_move_base_flex
410,4e04c65f3a93c8ec1fc96ca8d256c6e50a149f71,magazino_move_base_flex
411,4e423331993629a3d8240f01f7489a28b9116195,magazino_move_base_flex
412,4e60f6ea8776ea32f78180245fdd2894da40403c,magazino_move_base_flex
413,4e77125f68b191704e406f016ef414575e850263,magazino_move_base_flex
414,4ea13428f631e791866bdc727c057a26e37ab8d6,magazino_move_base_flex
415,4ec02d6e81ff9e82bde428000df749fb630533c7,magazino_move_base_flex
416,4ed0443ab2e61209d2b0f23da18bd5ee4969bd67,magazino_move_base_flex
417,4edb896fd8cc93734d3d5f7e8a02ac15be99d931,magazino_move_base_flex
418,4ee10bb63f562f1cade09fcecadf017793501649,magazino_move_base_flex
419,4f00582d3980b5a630f2ec5c068753b9c491fe11,magazino_move_base_flex
420,4fc0d20e225843467fc4ce35c3b15018bd3c84e8,magazino_move_base_flex
421,4fe232ca65104c2b54013439dd39e5028be197b6,magazino_move_base_flex
422,4feb0b58196229ca966614e2e5adafcbc6bceca6,magazino_move_base_flex
423,50264a48ae51631c179f3aa8698c7ddc02e4b861,magazino_move_base_flex
424,5111c81b7b68012ece0bf5a19356a9291e165551,magazino_move_base_flex
425,51583c9cdc5b89f8bf26d940b620ff9ab9499f0c,magazino_move_base_flex
426,516195222e936f6a26c260d6855e7099f1fdbcc3,magazino_move_base_flex
427,51640c7e0a2a4ecbe4e57e57eb20bb69f5e8801f,magazino_move_base_flex
428,517d1580b60157a02f74406d0c996e8d64462736,magazino_move_base_flex
429,51a9d105048704a4762726e7892956eea0e9085e,magazino_move_base_flex
430,51ac0bc5f3a9549387bd0908c1e125c7c6bb1492,magazino_move_base_flex
431,51cc2487c16c6eee34dcf32a972564aaea570f39,magazino_move_base_flex
432,521c09898c6c593fdc9b836864b81f9390af4ffc,magazino_move_base_flex
433,5255d345e8051ca3cecbff3a35813ee7834e7aa6,magazino_move_base_flex
434,52a34ecd9ecb0410f6da96f3c87515a5ddf48d0a,magazino_move_base_flex
435,52c2d12b76b82f48b88fc8ae20faf8f8f42c985e,magazino_move_base_flex
436,52c550987285b76916b3d9b6b3bf5128b1db3653,magazino_move_base_flex
437,52dc4683c98ea057d3a6c517664106aa98153d74,magazino_move_base_flex
438,5341c085fa7ddd18696b8371585bf71f108350a5,magazino_move_base_flex
439,53849fe77ae5834be374a4990681b63ad6d96b0c,magazino_move_base_flex
440,53930c17632d45c0362eca14ca6a60cb83cc9ff2,magazino_move_base_flex
441,5432158966fe3c743bb5f64dbb991a19dd0d2e99,magazino_move_base_flex
442,54a7888b25bbf8a1d23f953925e40759d95e4626,magazino_move_base_flex
443,54c719cdd4cd0afea6ae9b15dc0ff2892994e210,magazino_move_base_flex
444,54e389994c49e6414e2f024c3de57bb5d05f742e,magazino_move_base_flex
445,54e3984ed9e8c2ced4b4bb6bb8e51781e8184a94,magazino_move_base_flex
446,54f51a06118302c328e0fcb8311d469383d8f9a3,magazino_move_base_flex
447,5517f16eb5270d6e1e32628b4c1f607d279309df,magazino_move_base_flex
448,55231dd511acc40f0fd57125c645b2368780bc8e,magazino_move_base_flex
449,5537391717fa25e495767e98fded976bdab0d922,magazino_move_base_flex
450,55530987504099654dde090402ccb1d09b62f31e,magazino_move_base_flex
451,557eb8a3894fc0c3152c33483965f00cc35023f2,magazino_move_base_flex
452,55abcf3510ef2380a2a227560c12b0ab4d2b3e63,magazino_move_base_flex
453,55ba75f148976f249d8d2e624b258a24ae55cb45,magazino_move_base_flex
454,55e860143355188d6a8ec45a1b47b92dbe9e2d2d,magazino_move_base_flex
455,55fd9499cefceddd70f8252efdbf3ef12af5514a,magazino_move_base_flex
456,5600c542e50ec9027f4524afddbe15c1f4b121ce,magazino_move_base_flex
457,560fa85afcbe11be38e85308449e629214a1fb5c,magazino_move_base_flex
458,564b0f261214e5cbc0540c2fb14b2d3c4ecfe88f,magazino_move_base_flex
459,5657aadacf3fbd59b161965a59c3e0d9be5e5c00,magazino_move_base_flex
460,566569b3904cacdecf94cefbe597a377914620ef,magazino_move_base_flex
461,567f2c8eedc58211fba889ee6f604adfdd9dc06f,magazino_move_base_flex
462,56cfd9f3afffe9579b97df5d754bf494d4f66a57,magazino_move_base_flex
463,571ed37b509266a164770dff64b0e8e3d26579fe,magazino_move_base_flex
464,5729c4e63fc5d188eb34654841f964bc884c3f6a,magazino_move_base_flex
465,581aa5000b99b1558ca661c47c751958280ce124,magazino_move_base_flex
466,5823c51a98ee6409ac8fc06c2602f293cc5af8c0,magazino_move_base_flex
467,589e11886306c3dd241707d6f4257586a9b44302,magazino_move_base_flex
468,58a5c6b968442bed2230e42c70955a9267753ea6,magazino_move_base_flex
469,58acf4ddaeceb7ab56121465bb5463945d128fad,magazino_move_base_flex
470,58bccdc9fb7ac9ec2000dc47ac6e0c02df61b29b,magazino_move_base_flex
471,596b4fcafab95e046366e49eb483d8996645dc63,magazino_move_base_flex
472,596ed7f54a443fd3bbfe72ecf51ad8fca388c480,magazino_move_base_flex
473,596ed881bfcbd847e9d296c6d38e4d3fa3b74a4d,magazino_move_base_flex
474,5971377677c28dcd39b59be431742ed298fb5e70,magazino_move_base_flex
475,59e08bbed6577f01c9cac29f19f167f741dbc54c,magazino_move_base_flex
476,59f18d61f1ed1751595d9c6939f12c16db1ed030,magazino_move_base_flex
477,5a22e330818f9633eb75b239d9afb7f7731885e0,magazino_move_base_flex
478,5a339865d3fd7643816ecc26ada9dd269e76851f,magazino_move_base_flex
479,5a533937b5988806385517d3c01cefebec9d92b5,magazino_move_base_flex
480,5ac10ce1a9fa8de6220058778cda297556cf8ac2,magazino_move_base_flex
481,5acae8ccb00788ed0f53b03c84e18d6ec445c2ac,magazino_move_base_flex
482,5b1f67ac7746f814dd6ce91c92cdd8197572cdb1,magazino_move_base_flex
483,5b2d93a98875a42f4d1f918cf88ee00d3c66be4f,magazino_move_base_flex
484,5b5f51f1e27284b39cbcf9faa15e6c54a07215f3,magazino_move_base_flex
485,5bb47312b7c1b4720a5b6a59b98b601102c10a96,magazino_move_base_flex
486,5be75b2113143a9066e1c4d48fddce617dae05c4,magazino_move_base_flex
487,5c034841bf2cb1f541d89e4364bf9fe9c4f0335e,magazino_move_base_flex
488,5c2771260ff86c5182cbf436b618f7f2e326e6c0,magazino_move_base_flex
489,5c62dbc81e2201036dcb4d054da93d021d5c9f51,magazino_move_base_flex
490,5ca2a5643468b4ad0d94e421b6d67b7073ed5349,magazino_move_base_flex
491,5cb20f3ea09149eb8c6bf75ed2f1bd0a3fce86eb,magazino_move_base_flex
492,5cbaf15de67a15b6b162b8bfff3e9442343f1576,magazino_move_base_flex
493,5d3ec420e963b0e83bf6a992166bdcf1c6d35db8,magazino_move_base_flex
494,5d5a3df687e8357cbc2f8142ff8b2627d6e72817,magazino_move_base_flex
495,5d83a3e13ea0ce8dcd6ebe229ade833f760bb192,magazino_move_base_flex
496,5d9f0dc43d52036be5cee419b814dcab1f13f4d1,magazino_move_base_flex
497,5dc22aff06d1745d901e1548a0a53b982a1ef663,magazino_move_base_flex
498,5dc420d61daf547912fbbbb444c1ffce077e3a2f,magazino_move_base_flex
499,5e3f4dcf2efba929e068b0a44a700a6458fc49f1,magazino_move_base_flex
500,5e9f0a1a4fc57bc5158ef8872ddb0ed742643a4e,magazino_move_base_flex
501,5eed5d8a81d2550d29de29ff1c2a60df6aabf160,magazino_move_base_flex
502,5f06f7b733e6f5450eaefbcb670c49567ca40d7f,magazino_move_base_flex
503,5f0fe850326633667f3ca99c4bb10430277610de,magazino_move_base_flex
504,5f34459fc3fd0131f203f9611411ce39b372b6ce,magazino_move_base_flex
505,5f4335bdc22096bc02deb0c7932f508fa56dfce9,magazino_move_base_flex
506,5f4971affb7557266ea01cd30ef53bb3d83a6b83,magazino_move_base_flex
507,5f5a8c39d94302db2639b9c2d8fba0f8f97fae6b,magazino_move_base_flex
508,5f71b0b60b14a56dcc9f6765b1cdb7bac29a704b,magazino_move_base_flex
509,5f7ae81b45eb4fd2291727c5f663663ed42a742f,magazino_move_base_flex
510,5fb144fd54b585ca6b94d6369a148bd3a4affaed,magazino_move_base_flex
511,5fc2bbe5de0145f7f71116f9866cc93a61003d29,magazino_move_base_flex
512,5fcde85e7f8e96009329e99e1c9fb6dca183e7c2,magazino_move_base_flex
513,6010bea9ca389eabd6e8136c7da510b8549a3d88,magazino_move_base_flex
514,60329a595faefae7d2585fd82f88c9ac93a0945f,magazino_move_base_flex
515,6065140d833485bad233c60c4f3bef92da24f2e9,magazino_move_base_flex
516,607b832e9cfcf6efed461dfc2ebfd0cd7f4db81c,magazino_move_base_flex
517,607f3da96cd8a57dafc2794994548070c0110a2d,magazino_move_base_flex
518,60969c6104e9ac8be44144498995e8232b697be0,magazino_move_base_flex
519,609a4e92a596c06f639c9d1182c72d850ce93ad8,magazino_move_base_flex
520,609d4c3e1d7d2bc69e586e03486b7498391392b1,magazino_move_base_flex
521,60d3333a3954d6f61e40f09c4e5ac187c236638e,magazino_move_base_flex
522,60d4add3f1eb7e5519cd6e527153c44ad8b5b129,magazino_move_base_flex
523,610480572fdd3a7df050dcfddada90cbea3909e1,magazino_move_base_flex
524,612c5c8a8843b8b7501c84d7a5e479c09781c918,magazino_move_base_flex
525,613058e4883083065e7dbdd14a6c9ce98a8c382d,magazino_move_base_flex
526,6141190c13527bd0ffdff009262ab0af492c127a,magazino_move_base_flex
527,618f726cb213bf77eec7e0f967256abceb0219d1,magazino_move_base_flex
528,619f13185abc6b01212c76b9921bed546cfd1962,magazino_move_base_flex
529,61b9efee29ef1b8cd2307d2680527a722e721891,magazino_move_base_flex
530,61feb3e40bcd8fe201a7622a29daa93a073e49e8,magazino_move_base_flex
531,6239e8b7b7b3ad96a40a8add19bbc67f08904bf3,magazino_move_base_flex
532,6275f093c1ac12ad8536eb1b4a2872a7b5be5740,magazino_move_base_flex
533,62b46461fd2a04f10dd33f0f9f947ce33baea193,magazino_move_base_flex
534,62eab136656a6cdabe58d073cdb4bfd8f6dd05d8,magazino_move_base_flex
535,631da0e15a9aa57b0fc5567e7a426b762c86ec8c,magazino_move_base_flex
536,63355a83deec45e5116ff5421fd2e6a420661876,magazino_move_base_flex
537,639dc45c1e12f2234b0c70b992ccfb17dab16d5e,magazino_move_base_flex
538,63ab4826d6304ab637116eeb596e8b3fc1e9f6ac,magazino_move_base_flex
539,63d87c338e76a6dbd668c12cdde886dff79fe476,magazino_move_base_flex
540,63fa393c275b6d148094d004d91a8221c461e309,magazino_move_base_flex
541,640cba90299e5c37dab4e588124ac965a3e552d9,magazino_move_base_flex
542,64203beb954948d2b38c4927274eeb42b40e85c5,magazino_move_base_flex
543,648d38708ebebb4af515a32e893d2fc63a6cc447,magazino_move_base_flex
544,649e7fe28265a2a05f799476988bca8f31a2d807,magazino_move_base_flex
545,64c306d8cb75f4b58563fb1eceaba5c5c2eefdce,magazino_move_base_flex
546,64c4bcbc7ccce45b34d8bb77a9fd3f01fffa7720,magazino_move_base_flex
547,655be440eb40c90ec2294ca683ae6b67adf8526c,magazino_move_base_flex
548,65d2f657e048179c6aa72a1b106da0e8aad1435c,magazino_move_base_flex
549,6635d6ce2b9df23cf910888e1a5a6ee160a8e67a,magazino_move_base_flex
550,665f293b540de14b038a8f1d1b9d664e02394497,magazino_move_base_flex
551,6685711bf5e928d0f1b7fd65792222b42a3b060d,magazino_move_base_flex
552,66f6af9ff9335134fa7b5a3f3c4f4c94a14542cc,magazino_move_base_flex
553,67248c3f1981f11f1fa7c07e19172d8fbedbc506,magazino_move_base_flex
554,673ccd88100adcd4666ad215d1fd02297a5eb0eb,magazino_move_base_flex
555,674d96c049546766b61eb4cc20fa190f79c82dc3,magazino_move_base_flex
556,67603e4837c457099ae51b2350cd389fa64f751d,magazino_move_base_flex
557,67802970fb7bb00d9616232d7f4bf1b1dc767857,magazino_move_base_flex
558,6802bfeba24dad9f3f31bd1bf45958d44c06fd92,magazino_move_base_flex
559,680a2f7724819313af795b6120f1f022373a4b05,magazino_move_base_flex
560,68545ad4f9195be635bf4a7482fb3d8070f23a71,magazino_move_base_flex
561,68664fd7a79d1a7ad035b194ce3e6e1ab7fff8fa,magazino_move_base_flex
562,687e37d7ab55478f3a64ea6592aba482aed0c8f7,magazino_move_base_flex
563,687e7c588cfa51b3df5dfaebd99d75bce56bf316,magazino_move_base_flex
564,68bbd943ff5df22313e8f7603362bb5bff7d52b4,magazino_move_base_flex
565,68e4e019b7c9be3c484b17dbf505ca3efcfead9e,magazino_move_base_flex
566,68f9ac46346e05f7388180776fc44ad0f44fa1b7,magazino_move_base_flex
567,691ac74d5c5f3a4b7c3bf8872a06d791c99132ce,magazino_move_base_flex
568,69be48358005b536bc36eedf1a3b58a8fd8bdfcf,magazino_move_base_flex
569,69f138072b379230439f9b048f6053404293062b,magazino_move_base_flex
570,69f8a36f816baf80d5fe4ec815908b762c8e46f2,magazino_move_base_flex
571,6a069cf8d22bdc4493627c2fc71eb4cecb29cacc,magazino_move_base_flex
572,6a142bdcb509cac63a70d36363893a014407dd2f,magazino_move_base_flex
573,6a340fa5a12241b64507ed87606994a6f22be497,magazino_move_base_flex
574,6a52bc07e8ed97abfb21bdadcecacba82d672efd,magazino_move_base_flex
575,6aed0426eefbede9fc3d7f41a7c6e1e98ad7bef0,magazino_move_base_flex
576,6af5a5fa9524afb4567d9a78504c2a07838f782f,magazino_move_base_flex
577,6b774c92ac5f29b8e911c6b617638144078b769c,magazino_move_base_flex
578,6bb1d6035321a5841850797cd8fabf1fcf69b07e,magazino_move_base_flex
579,6bba1a417347727c5dac7eeee3611773828de3a8,magazino_move_base_flex
580,6bccbd090abe9d697646320917e4669e67fc7788,magazino_move_base_flex
581,6c2a87b1a7e26c973bb0f63f27a08cf0a65a38e7,magazino_move_base_flex
582,6c467b26ce708ecd0f1e7b6241dccf79e9d6e54a,magazino_move_base_flex
583,6c81897c9a55d1d8adc976cf8820e5fd847d1142,magazino_move_base_flex
584,6c81b1b6d2ca473cef717d01d929bda48bb809db,magazino_move_base_flex
585,6c9f30b16e88b7ae4c831198d8e7e96f182b40b6,magazino_move_base_flex
586,6cb641712bf80b906dba034dc7f44d5287c78fbf,magazino_move_base_flex
587,6cfb507d78658062df0ca08e6ae8cac0f270b088,magazino_move_base_flex
588,6d5aed5eb831e877b96adac8d07a494aa3d6b02b,magazino_move_base_flex
589,6d68c3a6a88d8491f84b22f31d719b8683c5abca,magazino_move_base_flex
590,6d6d00f63063192428a049d345148e11a04ed426,magazino_move_base_flex
591,6daa076eb004290a57121e043eb55bdd65ea05f6,magazino_move_base_flex
592,6de3bef42c405d1e7042c143f2ecc644f3831333,magazino_move_base_flex
593,6e2ea13347b97d774c4160a0ecb056d8084263d4,magazino_move_base_flex
594,6e693e02ca74a4ea56d3b2ccf8b6c257624b2997,magazino_move_base_flex
595,6ebbc06f87aa3d541e390a93f4181c622f76cee7,magazino_move_base_flex
596,6f149d00a8a32e1e7e7683dad7d6ef31d4b9032d,magazino_move_base_flex
597,6f4e72d6d6150ffc06a34ed3b08adbeccc0aac82,magazino_move_base_flex
598,6fbd2ab3165974829d1e351cdb388ffecb82c8ae,magazino_move_base_flex
599,6fc1f4264bf7daecd2333249afe45c11a2c1931d,magazino_move_base_flex
600,6fcd1065a7821a930bfd2d4ee28753f9511ab20a,magazino_move_base_flex
601,6fd70039f6a3be63b7d8fb8bd227059096813fb2,magazino_move_base_flex
602,6fe858efdea912869ac89a823dc3fc321b22103e,magazino_move_base_flex
603,7038bbc946f2b87715b05a77a9bfd4d4f3849b64,magazino_move_base_flex
604,7054f4321ab9b296fff2f441715d44ce57f1015f,magazino_move_base_flex
605,706a4e3d688e456e713ff879daacfae99cb938c3,magazino_move_base_flex
606,711418147b741a22a0168da5bf722befec29d106,magazino_move_base_flex
607,714ad179613ae4dfd2066ecb0eb6b384ade74110,magazino_move_base_flex
608,716fa5fac9733356baf4c60e04dc75a40666d86c,magazino_move_base_flex
609,71800ef414721b4b987fa8a92235db6bceba8624,magazino_move_base_flex
610,7195d9a8e439928ccf38d63365423398febeca22,magazino_move_base_flex
611,71b1d2aefc7897cdbb6f9c68d22d8d027bf40f2f,magazino_move_base_flex
612,71b6e6aea39dd566e5a7d97bac858abb37352c18,magazino_move_base_flex
613,724588b320cceeea9fc33295008f06d87c87f26e,magazino_move_base_flex
614,7285839c53c1db1d664a485b67b8868616d2742a,magazino_move_base_flex
615,73155af186988644b5d334cf6cfdb2434257f929,magazino_move_base_flex
616,73599ed5ae303274a2e7b9251624d3729eba5779,magazino_move_base_flex
617,73d2867e1bdbb3d48056ed689d733370475ab547,magazino_move_base_flex
618,7432f1d7328920ebee80c115e5fee44503c8415e,magazino_move_base_flex
619,744d7ccb7f64f8640d541ce72102f2862ad40295,magazino_move_base_flex
620,749aa097e4f39c9df88f0ac723ece4fca12ff0b6,magazino_move_base_flex
621,74ad9d5de6deadd76acbc61274c29184b4ca6804,magazino_move_base_flex
622,74b8b45e66d3a34c92ad78707e991ed98de6956c,magazino_move_base_flex
623,74ead89d35093b58df189801dedb5dd0926249ff,magazino_move_base_flex
624,750caf8469dcdc089158d59b97307c39b1468d7b,magazino_move_base_flex
625,754ecb2041a69c4fd7aa8333fcfdf8a2def9b664,magazino_move_base_flex
626,75b03b5052535dec1affd8f82e9f90f88e223596,magazino_move_base_flex
627,75d231253d429751f15ad822787db3854d6d0306,magazino_move_base_flex
628,763f233c7dc4c862ded1562189ddb158b902c64f,magazino_move_base_flex
629,769d0de41ef1387230cfeaccc76e07ed0b9045f0,magazino_move_base_flex
630,76aba1c414f385e85bcdba3001e76c1e892e4520,magazino_move_base_flex
631,76c1603c006c559f3314c979408291c6b39158a0,magazino_move_base_flex
632,76c4658f55d2a0954e298fc4851189ae5436b3c5,magazino_move_base_flex
633,76d6617e2cd469d8abb9da87afa9d29244fcbbbc,magazino_move_base_flex
634,76e3d2ec520124388637f7188a3c83865297efd1,magazino_move_base_flex
635,776c1026601f3367ef562f06cf81500b9124b50e,magazino_move_base_flex
636,77c7e798772fe24c76a8f0ff1ec13a8a826f46dc,magazino_move_base_flex
637,77f2fa5b1a6d1ef2a0afa7a4f22e1f61c4fa1f27,magazino_move_base_flex
638,7837798d810f5a3cd09964bcbf84b4457130ce46,magazino_move_base_flex
639,7854d7e7ad9be9d0535afc14d8859f73b5f4876c,magazino_move_base_flex
640,78aca2ac0be5f4bb7380379bc2de866bb540703b,magazino_move_base_flex
641,79b0fde46993dd8887bef8f6b26cd745041e3889,magazino_move_base_flex
642,79d0f5a7fcff12b2f70cfa33a1fec1f1cd64be2d,magazino_move_base_flex
643,79fab459822eaf88198e85aee38109b1a468096e,magazino_move_base_flex
644,7a9759725704c38eb634cc1fd9bf342bf0480497,magazino_move_base_flex
645,7b630a3756d259f4b0efe60c0c5e5fac4f80f816,magazino_move_base_flex
646,7bdc0cb1501fede58145abc17e94c4510bee14de,magazino_move_base_flex
647,7bfd2470fd4ebbda647aace44f6dff33a597c447,magazino_move_base_flex
648,7c13d7a7f734fe22cc925a25d7d0a21875366ff8,magazino_move_base_flex
649,7c640af59d0282d0c13ded4c54538f9d2c2fae80,magazino_move_base_flex
650,7ceeea34938094665cc6c3049443eb8accefe5d5,magazino_move_base_flex
651,7d2331507ce8eb42a23f9f9d4aac9000a24dbb0f,magazino_move_base_flex
652,7d25798971aa527dbee1a7c42bf68a95f697d8d1,magazino_move_base_flex
653,7d3f1ba8888d9f1be2d3c45e3b24f7980740af9c,magazino_move_base_flex
654,7dcd9511cecc91ba399fa2089e954e7a4e53d7fd,magazino_move_base_flex
655,7df19c416b476740dc772d6c2029f78291202a41,magazino_move_base_flex
656,7e0a3fbb2033ce751ee285a118577a112e0e3d31,magazino_move_base_flex
657,7e3271594966e33fed1331c2299139fa3eee45f8,magazino_move_base_flex
658,7e41bf37a1ed9914d14a09fe3846293ac2baf628,magazino_move_base_flex
659,7e455612a9ecb9a168a3946779c9abb63d31f115,magazino_move_base_flex
660,7e9b8f687998f3d403412ddc3736bbdd0c7fc5e0,magazino_move_base_flex
661,7ec97d53f019e8b11f438f8d2f0b63c6d58ca425,magazino_move_base_flex
662,7ed10b1f799c5b781819c532efb5a20fc4ae247d,magazino_move_base_flex
663,7f3ad7a64fa208a8d20976d3ff1b8d7634447ae7,magazino_move_base_flex
664,7f74109d772c9e14877617db0543371e9ebbc2e5,magazino_move_base_flex
665,7f7d88655f4a4d078cd58e5a8fd00f870d4aee3b,magazino_move_base_flex
666,7fcb3db4a3614dad52510a14e2c81c6aaed81663,magazino_move_base_flex
667,80aecc9f8a8090f8d10797d89d62391d36e71de8,magazino_move_base_flex
668,80c8ea1a05719dc6cd271a1b75331fd0eda7f977,magazino_move_base_flex
669,80ec0fe5e4be305c3c71839754ba68c4a6ad961d,magazino_move_base_flex
670,81172943b5820b86b22aeba0e62a71e74658ec08,magazino_move_base_flex
671,816973e35e89c06a56da5f8db354b66a0fa17537,magazino_move_base_flex
672,81702a1ece2e7867dceafb9a0b86e1d0878a2c8b,magazino_move_base_flex
673,819c316ffed5a39a4a4f90d363817bd10bca6908,magazino_move_base_flex
674,822e508b0011be75ecd97a78397c89f08eab485d,magazino_move_base_flex
675,828a0738bb71ffb2209e3a984472ec7b9c72c080,magazino_move_base_flex
676,834d73092a138b397e5c33a28dc670d15d9ed75d,magazino_move_base_flex
677,83ca685cfed961fb9da6828891c48aa9d701d329,magazino_move_base_flex
678,83f31a62a46276acc7154ffaf9ef7d01ea5cde61,magazino_move_base_flex
679,83fcd710151b72fcd3dab9f3d67fd303004ac266,magazino_move_base_flex
680,843993120ad11c60e38dfb07f0248ac4acef6012,magazino_move_base_flex
681,843e63f19bdc6738c999519caa3758b62de518b0,magazino_move_base_flex
682,84423727bca669875a607270bfb12fa220166b30,magazino_move_base_flex
683,846089bda3069efffbe3ea98e651af79316d0220,magazino_move_base_flex
684,847387ad2dba9bc2ef45134cd1cd34df66acc789,magazino_move_base_flex
685,8482bee6ace87318eaec8361e6670a07ff78d926,magazino_move_base_flex
686,848e67f4383959951567f0ad3fd29f2ba454cb6e,magazino_move_base_flex
687,84a08917a51b110f7ba3c932cd708447894a5c62,magazino_move_base_flex
688,84bdac9201844244188bd77a577df4232f4f697e,magazino_move_base_flex
689,84c94062bc9a67fccb1e0b4716a4d0bffed06ab0,magazino_move_base_flex
690,84cab5b062d8e3322f1cd0adef26cf9f27b045b4,magazino_move_base_flex
691,84e79d70b83c92e32cece4dad8789c7ab20b5d76,magazino_move_base_flex
692,84eaceda57f249853b1b18fe1fcb4d7bdc23bab4,magazino_move_base_flex
693,84f91e4e00e68007dcf8ecb68d8126b0fa9521d8,magazino_move_base_flex
694,84fe7e8cdf11dbd8c4f69859b76f3be719256cc5,magazino_move_base_flex
695,861e26abe0a153d288ac63c7d071f90497d546ba,magazino_move_base_flex
696,8635a10fcc522bc1125f3bd4c43eb5d8560480dc,magazino_move_base_flex
697,8661ff072da18d56df42ce550b8416aac493fd9f,magazino_move_base_flex
698,8667c942db9b9567f94f7cb240ecf3ef85b1cd24,magazino_move_base_flex
699,86972953ed345925f250461b7433941bda509c64,magazino_move_base_flex
700,869eea8d2307f4c840096f4bb87d95d85f8a4d40,magazino_move_base_flex
701,875a313508e9a2b7c2e573f42b7d5a460fc482e6,magazino_move_base_flex
702,8778b71002b452a3ecfa4934ba18b1cda2fa3063,magazino_move_base_flex
703,877d6cff5d595995f001367b33b1557982fb23d9,magazino_move_base_flex
704,878861dbd7cf28ea572645893760cb3bd3cf40e9,magazino_move_base_flex
705,87cc3b27aabd3aa84d6f8940feb51f6356b7d7ef,magazino_move_base_flex
706,87e93733f36d517679efab4ad58d6c1694f72e85,magazino_move_base_flex
707,87f7c05e1a6e5a08197ed1ad603fcc3258cfc570,magazino_move_base_flex
708,8812e786c5f67c14074f6a9884be7a188ad9a8ee,magazino_move_base_flex
709,887e644120cb5b651e4be19dcc2b80e7e4155795,magazino_move_base_flex
710,88921432e86748c87d91c3501c7aa615c0363719,magazino_move_base_flex
711,88b7f41c93b0bfa295450c0c082cc00bbe0cb430,magazino_move_base_flex
712,8920915d8c100df572cae7466b9bbbe7b31b7be9,magazino_move_base_flex
713,8948c535d89753cebccac889c3745fa29041670b,magazino_move_base_flex
714,895de8e214508cb99c24bf06c84277e6611fee14,magazino_move_base_flex
715,899282ddff4e04e83e7cf5ec75081150c70e01d6,magazino_move_base_flex
716,899ccc4b848dd4e371c863096db1f3afedd25126,magazino_move_base_flex
717,899fafbc91f7867af80c82c4d00b8e88b254b5f0,magazino_move_base_flex
718,89adb667b77272dac422a0764f62da3b545d0211,magazino_move_base_flex
719,89bdc2b82079bdaa1316e50e4d5bfd57f8c2f661,magazino_move_base_flex
720,89e87d2a02ab339eb81c94afb21e49836abee702,magazino_move_base_flex
721,8a15f610698dc8ed39405967b83b3e1f240577a5,magazino_move_base_flex
722,8a3f8d6ac39de9bc7dcb82d5493ad095bf09134e,magazino_move_base_flex
723,8a448da7bf7f4f7ae5858de9e91a5160d6d19fc8,magazino_move_base_flex
724,8a6d4d8471d057292b54589c83eccee9e087013f,magazino_move_base_flex
725,8ab3b027b9a39eca59c4c9114015261b16ec19f6,magazino_move_base_flex
726,8b019621a748dc073439d5907b5f1d0eeb297ad5,magazino_move_base_flex
727,8b0993dde5115914b02da4bffe9fbde6e6b4bdc3,magazino_move_base_flex
728,8b3d870ec86ed6942e640da0e73baf784d725242,magazino_move_base_flex
729,8b498ae63ca300d5ed9e1d3f77c41c2cd0c85bd5,magazino_move_base_flex
730,8bc0cf1ff3a8c769bc2121348986d1936d8407e2,magazino_move_base_flex
731,8bd407da457477af0eaece84af3ebaeaa531559d,magazino_move_base_flex
732,8bd6ac743ff5dcae70cd5d08e8bff36d22507cac,magazino_move_base_flex
733,8bed8dcdee92f6bc0d9fe15e897bfc66404592bd,magazino_move_base_flex
734,8c2e541805a3d6d8160b9a8f37e8405bc14df3f5,magazino_move_base_flex
735,8c481507da183375348a923313576c0cdf74e56b,magazino_move_base_flex
736,8ccf0ed1407a3012b9ee7b50eb47cf6f24e07868,magazino_move_base_flex
737,8cd730fe82a120d32e2d565917b15962334a9f41,magazino_move_base_flex
738,8d1cf366664a043d095f30fbcd9769457b5cfea9,magazino_move_base_flex
739,8d471cb7b2e0ed5963c9ecee0e98430be1666bcb,magazino_move_base_flex
740,8d5344f447fff67bc986fcb403e27eaef63d96ee,magazino_move_base_flex
741,8d6e3f574e6c8a389055bd9126a05e7ed3025eab,magazino_move_base_flex
742,8dad2aea587e88b2a590c30bd43cb167875166c6,magazino_move_base_flex
743,8e485a357dec88e5f4333b13f58f3fb3756a3c03,magazino_move_base_flex
744,8e60720f68a69c10651231d704be036b8226e4ac,magazino_move_base_flex
745,8e7e1bde110317989e088db9f6961a199bfcb14a,magazino_move_base_flex
746,8e91d2b78eb446bb73db400b1eaba3f6d2ebc3b1,magazino_move_base_flex
747,8f0a2dd3c42bc35e915b0b4c457bdd0b9745c0b1,magazino_move_base_flex
748,8f41c4c7bf57c829267182fb60ecc0427e28171b,magazino_move_base_flex
749,8f5521e627ac0ace37c479e47baef3b284ec319c,magazino_move_base_flex
750,9023686a3dec8f4881ac13eeb1621c53d696346e,magazino_move_base_flex
751,905f3ecb06cc2da12b9ec74faf1b03932b7fcce4,magazino_move_base_flex
752,90672bb2ef42a6514f3938fef293332414fdf8e7,magazino_move_base_flex
753,90851eea5783a317d0b871457a3e9739094e9aa4,magazino_move_base_flex
754,90b9542e18265c81d6223ab01c1424f830f20e3b,magazino_move_base_flex
755,90d635689e88a496e64aa44714f17742f0d1a377,magazino_move_base_flex
756,90dc241b60d913b229bbb37dcd828b5d27181ae1,magazino_move_base_flex
757,90e4fb60b15520d6f25b6c358f92d0aa4ed6c2b2,magazino_move_base_flex
758,90f3054f60b687d8403243b3074fc15b71c0b2d8,magazino_move_base_flex
759,915ab637feb36ee5e8494eaec49de6a3a9970ee8,magazino_move_base_flex
760,9192391c87919d3a523a154af9a401553a15d94c,magazino_move_base_flex
761,920848b764422e9c3aee005d2349c0dfb3241051,magazino_move_base_flex
762,924c598de5b9e1d989c516f6c09dcece6c53fd12,magazino_move_base_flex
763,9271f402cb31346ed4d73331ab3ba995aa73c664,magazino_move_base_flex
764,929247290eec6b6b4efbc85953b18d654b2b877b,magazino_move_base_flex
765,92bcbfd5551e510d136ab827f3609bd7f88fe922,magazino_move_base_flex
766,93095057660715f78e37b2d403a75c358e174fee,magazino_move_base_flex
767,93ca0ed2f7ab68c3e2781b21b98f06069d5bcce2,magazino_move_base_flex
768,93f0be194ddc0b7fdd19897d7dc0d0f65c52b1b0,magazino_move_base_flex
769,94a2b2069a602335a0bfff7f3f0fc2fbeae92f58,magazino_move_base_flex
770,94f61868f52b9f65dc4aa48c1e209eb78a23379c,magazino_move_base_flex
771,951d08dd2a36a86c85f8071f5904048b51d90206,magazino_move_base_flex
772,9545acc502b0496b57d17a583c7d3c7712595cfa,magazino_move_base_flex
773,955a6b8955fea62fe4d92bd7ec69668819826c98,magazino_move_base_flex
774,957a72949ba8d59cb1c6528a7fb5f7b7d1874282,magazino_move_base_flex
775,957f42b6a7b6ad35691c752478ce47c31a60334b,magazino_move_base_flex
776,958e84dbb020572f4769cc111e66ac4709490a13,magazino_move_base_flex
777,96052289d239211ecd66527efdb9ef2d8024e81b,magazino_move_base_flex
778,969fa8463db10d47bb5a8f25af48914f5ee2e3fb,magazino_move_base_flex
779,96a96064792081a6cde354a383a8c4138ea01d1e,magazino_move_base_flex
780,96e4073d7beeb08f1ebb8c7bb6249324b1c12bcd,magazino_move_base_flex
781,971832a74ec0ade0b0fdd5b1b293139b5ae0214c,magazino_move_base_flex
782,97967fb2a27c293d80ec964f256cf067903f2e85,magazino_move_base_flex
783,97eccdfe7f61c78cb0887c389b9471f81d468d52,magazino_move_base_flex
784,97f2c0acd6f5f38d72c07702a9d91efc8f6ad179,magazino_move_base_flex
785,983363f6dd157a2c881c0f332e0a3391847bbac5,magazino_move_base_flex
786,9847b550baea4a93c33e81bd82d76a06750d48f7,magazino_move_base_flex
787,9865c08c64182f5b0652b237f9c6e04fc9c48449,magazino_move_base_flex
788,98fc76b787086463a6b87e767482335352fc7e48,magazino_move_base_flex
789,990c743e5a2c5caaaa94fbf83ac74afd4ada8ee8,magazino_move_base_flex
790,995f00f211717a39ba7ed56b5c88c0f7435b84eb,magazino_move_base_flex
791,99a261ee92762db5d4a7d23e1fe38affffa08d5b,magazino_move_base_flex
792,99ba553c7a4c2842da5b96c3901f582c278fb424,magazino_move_base_flex
793,9a2aa0eb6c874d585a03bc64f0f4e210ccca3f76,magazino_move_base_flex
794,9a52ff75d0c8d7dffb88b1ce0cdade25f304ef84,magazino_move_base_flex
795,9aa76bee6a09bc43b5c3110c8b633824225aedfd,magazino_move_base_flex
796,9addb91c295ed332dc549fd0de41c37dbf2a8af2,magazino_move_base_flex
797,9b4b203591dea5c0cb6fd2e2211ecdc803a7550e,magazino_move_base_flex
798,9bad08a1b0317e0a6df86e3cad448c4a3b901357,magazino_move_base_flex
799,9c04c922e80e0ce38d7cef2c6922ca11119b31fb,magazino_move_base_flex
800,9c5b1814ec2af04955a589542492fb0ee3dc9d69,magazino_move_base_flex
801,9c5bb3eb78db616f621412277a13ffccea78dd25,magazino_move_base_flex
802,9c5fb1b47b94a32d575b5544466fb4d15450c8f7,magazino_move_base_flex
803,9c65437ac6c50dd61692b78a794edf981f565925,magazino_move_base_flex
804,9ccecd1426790a8ab66f8394a94f951946f14fc0,magazino_move_base_flex
805,9ce74b729934b1f8a6fd60283fd299e3e083c7f5,magazino_move_base_flex
806,9cff042da8f542352d7af7a584fcb870328a6471,magazino_move_base_flex
807,9d34ce083fec013a865e932cb94524da321f9452,magazino_move_base_flex
808,9d4bd521f73192a54e16e054e5bbe5b347830a36,magazino_move_base_flex
809,9e0bc3e6318dc3c3d231467934f94bc33059ba4d,magazino_move_base_flex
810,9e32ad9d9e29af44de8709c5b3e0651faeea5a39,magazino_move_base_flex
811,9e3a6265b29a6549609fd4a9a5995b75a2ff274b,magazino_move_base_flex
812,9e3c951d1ff7bd62bcb0d39c83c3c21502e72244,magazino_move_base_flex
813,9e7b48c7f71b92aef7619ab4a64371d2d714993a,magazino_move_base_flex
814,9e7c44ede1207879e131329356e21c0ebd9c0738,magazino_move_base_flex
815,9eb741d892f6b91257974a94d4caff3c54a31cde,magazino_move_base_flex
816,9ee2fec70ea45d170ed8e03a7745d886a8ca6c69,magazino_move_base_flex
817,9ef1217a1502884caa08a4bf799d846a2f1aeeb0,magazino_move_base_flex
818,9ef1ea56eea6648a04553a9df0813b143d7da07c,magazino_move_base_flex
819,9f409f786279c09eb40c87be4d49cfa52c159f56,magazino_move_base_flex
820,9f90f13dcbe387556ce805853ed8e915b003ae56,magazino_move_base_flex
821,9f9d946f15cfa6eb886fd2b4216c65e32982c205,magazino_move_base_flex
822,9f9fd9c1b14ce56822118c820740ed22184b594a,magazino_move_base_flex
823,a03a61341c66bb5783da57aa29ed3d6291a8095f,magazino_move_base_flex
824,a052ce7e0f467ff49f5ff3e4df05c36bc3c68bb4,magazino_move_base_flex
825,a05c550f68496fd41c3a2667515ed87bca20fc3d,magazino_move_base_flex
826,a0846981fb5bbe44dbe592809ddfee5f026bd0af,magazino_move_base_flex
827,a12eb49bb3056edbd030d7a8e891c3415543f3cc,magazino_move_base_flex
828,a139478fc934fe5ef5244a2d635079b5b1c9eedc,magazino_move_base_flex
829,a1536b62f8269a34a82d2d1d63226c98a7d5c85b,magazino_move_base_flex
830,a1a3dc6adb6e20b21d2034491834055a55e495b7,magazino_move_base_flex
831,a1bacd3d7a94e43f1194e213c324ed171c3f2dfc,magazino_move_base_flex
832,a1bc82c81fd20e06514e9eca1363188466548e86,magazino_move_base_flex
833,a1f3e0e5ef3141411a4ae692c167264dd60614b5,magazino_move_base_flex
834,a208d90376bccd66bb6d9dee9f99fda38bef9759,magazino_move_base_flex
835,a2281cf7be1fa7a59bb77c048f6d4448549e565e,magazino_move_base_flex
836,a29b16afcbd1c8ef6c122ae08141706ca3fea170,magazino_move_base_flex
837,a2d3400251e4aaa4ce7089b12d1dea61ae5d8159,magazino_move_base_flex
838,a39999b4b97f95d7dd42b0a090d4498435df569a,magazino_move_base_flex
839,a3b0e7e2f6579d521806b66f1e912938dc77fa3d,magazino_move_base_flex
840,a3c1578342152d6a3106105ad1258b47c818932b,magazino_move_base_flex
841,a3c329f70f98325f52b322bb0d8db48957f540d5,magazino_move_base_flex
842,a4ac8686d737255944ab402971603e3a90227fcd,magazino_move_base_flex
843,a4f85a5f3844cb5b312067e359cb3cdb9be283eb,magazino_move_base_flex
844,a52575a2e9557e6c4aee3807c38042077e27ba77,magazino_move_base_flex
845,a54c766ac9ff73c63d55c0f08069e2441695d9df,magazino_move_base_flex
846,a565550529dbcf3affb87721106433698e88f17b,magazino_move_base_flex
847,a5745a5bffea1feee5bc3c616d984dce0862d532,magazino_move_base_flex
848,a5c19cb8f3135679e4f8f36a9ec6123b121d69ab,magazino_move_base_flex
849,a5c2981da3567a8851d9eb6f04725b55472f4779,magazino_move_base_flex
850,a63ceef0b57f5da10f8a6f83ed794b06fee59ffa,magazino_move_base_flex
851,a691bf1c2b39a47c358dd1024b877d0a8f0f7f89,magazino_move_base_flex
852,a6b4d1a2c1122de62327a9b63a747725a63c290c,magazino_move_base_flex
853,a760a2cb23c50d058bb1885ea352d4d65733908d,magazino_move_base_flex
854,a784ac66ccfbcd90430a65ddab5993f61178ff22,magazino_move_base_flex
855,a7cdde3267e97d957e4e211e18497ba89973a13c,magazino_move_base_flex
856,a7f679fc3deb0272d98a06538c228a64855eea94,magazino_move_base_flex
857,a80dc40042f5bf2db135f3358de17271d09597f1,magazino_move_base_flex
858,a8575ebeccc187c611af839f9482e3a8e6feb69b,magazino_move_base_flex
859,a8a517c55dc9fbf6afafb7374a0a6f536c09b317,magazino_move_base_flex
860,a8c70178932ee6aa5d5396f3ac9cb29e23420aab,magazino_move_base_flex
861,a8ca484e354a0196b5e9fbda5f0eae311d9b72d3,magazino_move_base_flex
862,a8cbd889aaf1f55806a83ff98259f63fab7e4350,magazino_move_base_flex
863,a8cdd1cda229ee0c63b0355d978304959332aa5a,magazino_move_base_flex
864,a8fb229161007a08c705d510765b37ce8e57cb55,magazino_move_base_flex
865,a92131af986a2dc48e9bc7df82bdf7fc1d058851,magazino_move_base_flex
866,a933587d98eb9dedb655f8bb2526e0c7b0da43a9,magazino_move_base_flex
867,a9573b0fca9b8819f2ce115e2ac2849c808c9560,magazino_move_base_flex
868,a973802eb86e14daceadbd6c58e12a24a7f160c3,magazino_move_base_flex
869,a9805be1959cb94987288269a83e553646e82054,magazino_move_base_flex
870,a9a8860531529cb2a9a06885faea0c9f0576f060,magazino_move_base_flex
871,a9bc735608f7b190bab4ceab76e069d408eb801f,magazino_move_base_flex
872,a9f6e981b627faadacd923bc83b50311dd7938de,magazino_move_base_flex
873,aa2cf1c93d2a0387bf8c38199dec8877c7f774c6,magazino_move_base_flex
874,aa3c06482e5fe25c8f9c6034f861fcd8229f0b17,magazino_move_base_flex
875,aa4e4fa9f4f23ec1944473197f9a178c07e8dd9a,magazino_move_base_flex
876,aa72126099c51cb48b5da1136c93d6bb3b1c74f7,magazino_move_base_flex
877,aadf558c37db97499a0a4f01c9fd464349003ee1,magazino_move_base_flex
878,aadfb3f5bfe4d0a888b6a2aaa57edaa4618f9adc,magazino_move_base_flex
879,aaf28cdf1d9d54353b24446a42a36db87c930dc9,magazino_move_base_flex
880,ab0a9693664cea9b93910ee749b996b81f5741ac,magazino_move_base_flex
881,abd598dc20a1649310e612bd20b0f4625aabf795,magazino_move_base_flex
882,abffefee116fb6150a4830e39fe6b451236e635e,magazino_move_base_flex
883,ac44bf44b1327a2281afd14955e51d1cac20dde3,magazino_move_base_flex
884,ac5adb4391061d6c45cd9eb23034b1a805af1474,magazino_move_base_flex
885,ac6a096837798c173d37f3af292e38f6b26cdef8,magazino_move_base_flex
886,ac733dad730bfd66c903977c872846982832baff,magazino_move_base_flex
887,ace3232f7c543b3a802fe653b56fdabbd43bace5,magazino_move_base_flex
888,acfde375e69e715be8bde9477aff1cd4cac98bce,magazino_move_base_flex
889,ad62051068910ac1a1b6b3a40835eeebbbd0d8ce,magazino_move_base_flex
890,ad70b1405069f83bc1601782744c7b852c88b082,magazino_move_base_flex
891,ad8271cb59bb78edc22fafc137c949b52b181073,magazino_move_base_flex
892,adcdf6c22736b3012b5dd3442e252b62100a47ae,magazino_move_base_flex
893,ae9826d7b4b9802d59b75785026a2cbadd6ab53c,magazino_move_base_flex
894,aeec1a7dfe03ed982c20a98a9e301ee2f4152434,magazino_move_base_flex
895,af3afbf37caa17a44ff41c71f8d1b3cc658455a2,magazino_move_base_flex
896,af4230bc7d357e463f2b06fcdae65f2c02ff32b1,magazino_move_base_flex
897,af9e4dab6aac376751116a0ece71f37f1aba4abe,magazino_move_base_flex
898,b012f643e09407548a7b1f242127ebcddb6fd5e0,magazino_move_base_flex
899,b015d74c27a014e4906949b97d83b5a960ba4aec,magazino_move_base_flex
900,b04fa9d33f75c7a1751734b8f0eec1e50909ca0f,magazino_move_base_flex
901,b06e10e24cd71de9b66bdf55c9358ffce69058ce,magazino_move_base_flex
902,b125028f80d902c6afd6baff1b21edb71b9f1154,magazino_move_base_flex
903,b131ef41478f63c87794605a2d335d688b937c4c,magazino_move_base_flex
904,b178005187b8d23e3f634cca760bd1da40ec7c39,magazino_move_base_flex
905,b17a8e86c5e5de8b9dd7b5b483d449e35eb77ff8,magazino_move_base_flex
906,b1f815420814e49b2d1b6871bf11378341abbcfe,magazino_move_base_flex
907,b228f20039a99e92384c49baa2dc917f3f94dc39,magazino_move_base_flex
908,b2290e3f07922e45bf4884b92c9a889e0cce3bcf,magazino_move_base_flex
909,b2514515fe98a3c82a99fe3af2b446561e2b9263,magazino_move_base_flex
910,b2623cf1ca2b14c70a26d54f7fa44e236b9995b0,magazino_move_base_flex
911,b2c219ed9dba3fdd638b8b82064501250cd9bd6d,magazino_move_base_flex
912,b2c7a7e19dbbe13f9a8cc756366693741053c271,magazino_move_base_flex
913,b2e08b5baadee0bddfb4279359e83b768e3d9c43,magazino_move_base_flex
914,b2efc632cd52ba437d235603125868a86ee403eb,magazino_move_base_flex
915,b31462504945f6a8342501fa32fbcb4a70296595,magazino_move_base_flex
916,b3452ad5b3bf5e48de9432c728e01c787f58a28e,magazino_move_base_flex
917,b3b5f41ad20d4173df5ed8525089bfdfc2484855,magazino_move_base_flex
918,b3d1585868e1f6aa6bc105c7292fd45c3bc9993e,magazino_move_base_flex
919,b3d9145fbad85a28a364fe573cc56a8ceeb635d9,magazino_move_base_flex
920,b42ccfc88d32948738119e3211bf61a7bad90bef,magazino_move_base_flex
921,b433d33b955b6316ed59c07e820978107152a6d7,magazino_move_base_flex
922,b46c4fb6974774d303a4af0d75f8090308e2d5f4,magazino_move_base_flex
923,b4ea2177d30c40621f3d9f5307158a697accdff7,magazino_move_base_flex
924,b4f91ebddf3c90fd7783ebf2a3b8ecc4c2d22054,magazino_move_base_flex
925,b51cda24ee9ddf582d9bf0699ad82b434d48157c,magazino_move_base_flex
926,b51eee5b7b82396778ca47105144f300d2991f47,magazino_move_base_flex
927,b57104b5e7be46f4271139c17199abe139a8b9b0,magazino_move_base_flex
928,b5a7bb9d1b0d6be6419b7384bdb464700e78c963,magazino_move_base_flex
929,b5d315a38dfd5fcb73ec548a2c5d696cf3a0232f,magazino_move_base_flex
930,b5e4df3a57e79952dc5ac67d8176cd3f7e2818f2,magazino_move_base_flex
931,b64f8ebe93c759aac27f5da2046c7cbdac738805,magazino_move_base_flex
932,b6905e4138da04d5d4f29e7a192f75cd739322ad,magazino_move_base_flex
933,b6994617e497319389d872a920ec24493a4dcae3,magazino_move_base_flex
934,b6ca33fbb27c76cf6b62ec955ee96404ea6aefe1,magazino_move_base_flex
935,b6efa813108cdd6c0548bdba3868c6bb523e093f,magazino_move_base_flex
936,b770e0e59721ecd6afcac6cb4eb72bd64b74e0d4,magazino_move_base_flex
937,b786fc930483a96234b1b47555b941f606f054cb,magazino_move_base_flex
938,b7b8591094c96280f3692380ceed5b2533972cd4,magazino_move_base_flex
939,b7edd91665407df3ccb05fbed332b4c60940af2b,magazino_move_base_flex
940,b7f9c741bccf6b45e2ddd91468c2f18f56a41a79,magazino_move_base_flex
941,b82055391a39307eae573c1ccb62de3392ac799f,magazino_move_base_flex
942,b824515a80c108ed08255db3e004944494b1452a,magazino_move_base_flex
943,b8535f5b7bdbe211b124bfbb8b4c3c4e59efa7b9,magazino_move_base_flex
944,b85e7dc75195dd6d55065f81c4ed28f9c485e4b1,magazino_move_base_flex
945,b8b09baa97fdc11f37d42decf3fed834f768b396,magazino_move_base_flex
946,b8d4a6fd51918e672b3b9a2e1fbb1a6d5dbc1daa,magazino_move_base_flex
947,b9173c1a7e3588818d0e3671663231c60f6f5b8a,magazino_move_base_flex
948,b91833a253089f23227f7dbf7c75336363ebc483,magazino_move_base_flex
949,b970ae853c578d3a4e7c4417d123019796d8a79b,magazino_move_base_flex
950,b9a27bb03d5a3a1442eefd8be2048607a63518b0,magazino_move_base_flex
951,b9c1b4065b68ba2f0eaa09ed888981bd73f88b35,magazino_move_base_flex
952,b9d7951ca864c448d1e5d45e16e939056b26e619,magazino_move_base_flex
953,b9d83b763f0f3cf9c5ebd35c506e6f8cb20977e2,magazino_move_base_flex
954,ba53b34f75bfc96ec07f29612b52362df4046299,magazino_move_base_flex
955,ba6499f68cc95a001f3783f60eaceac7c2283f3f,magazino_move_base_flex
956,bab973bb4283f2e06b85a3d741f058355b93ef71,magazino_move_base_flex
957,bad75f57617d17dfcec0c4b378cd42341208d924,magazino_move_base_flex
958,bafa4b70deb6667479de4a83fd467690b02b6083,magazino_move_base_flex
959,bb40f430f6a491bf4026b7a72dba8f285852184c,magazino_move_base_flex
960,bb6eb9a56e8ba68bf7756663f74afef45add86c4,magazino_move_base_flex
961,bb71674c4c5409a2b111e6b9f6608d6e4f1fa8ea,magazino_move_base_flex
962,bbb4d81902703de8a3641f2953352d17afb97ecf,magazino_move_base_flex
963,bbdb0fbae4b8d8f9beead835bf568ae9587a614d,magazino_move_base_flex
964,bbe6feb7ab3931fc327c2b8f365b4997d5e67a2e,magazino_move_base_flex
965,bc19f73249cfb1071d151e9dd0b478105b7bdf10,magazino_move_base_flex
966,bc394b44892d452f957a7884830ca7f2ef4f2b4f,magazino_move_base_flex
967,bc5ce1f6e2a431100f4570a68b6596b4509c4ad9,magazino_move_base_flex
968,bcac94a9abf50217f56745864f34bb6f75ddc248,magazino_move_base_flex
969,bcbc0d463af85aa9cd33bbac6cf9165713237048,magazino_move_base_flex
970,bcd3fbe38f333e472ec993bec3d02fa9fe118f34,magazino_move_base_flex
971,bce3ee4eac3b54ab3263943625d1cfece099137f,magazino_move_base_flex
972,bdc9c38fe8113edc83581fc6ce5ab9c6024a0f2f,magazino_move_base_flex
973,bdebda49284e8a6ca2c5d44974d38f14859e6008,magazino_move_base_flex
974,bdef012888f262781147bff3c59b2bf96d61b2b8,magazino_move_base_flex
975,bdf17e335d4aaab83a5daba61e13bc437f9ddd32,magazino_move_base_flex
976,bdf228f5dba01da9a5cb7744c16ac842a6fc18d3,magazino_move_base_flex
977,bdf8125718c2cb161bc7a455c4bbfc7c805eac1a,magazino_move_base_flex
978,be812633d5ea57c342c2e234b8c94e06729b9eb7,magazino_move_base_flex
979,bea75e8332f7ea54fe64b7bfff0ee1d496e8f2e2,magazino_move_base_flex
980,bee19ceaac8faa6cc6dcde718d4ab1a11c7acd9e,magazino_move_base_flex
981,bf146d84d9912c5215ce661a241e31d71e2c9927,magazino_move_base_flex
982,bf6ac8b695ac236d9ad69b726d7ba4190d12aacc,magazino_move_base_flex
983,bf818ceefcc8108a9f6aea9bf70bb8d87b28687b,magazino_move_base_flex
984,bf967129d764d9b45d5486b3fd65396bed4ff582,magazino_move_base_flex
985,bfabd66868b4c20bdc64768843874b9e36c42752,magazino_move_base_flex
986,bffb500a737a98af3ea86f68e3364bf7b3e41625,magazino_move_base_flex
987,c02460e9bc1dbfb2e82348b308cc3fa1e3d12cda,magazino_move_base_flex
988,c05e8d05017a5d3b36a360db94ba8e68691ec6a6,magazino_move_base_flex
989,c07560a8deec20986b03d93e6a7fd3d2962a0a0f,magazino_move_base_flex
990,c091d5e2b84b3398d3f614891ccfa6b3e9343b31,magazino_move_base_flex
991,c0a76b9c74c915f8d021eef181dd1047b474a189,magazino_move_base_flex
992,c0de07062cab22971de8667c4953b548ed6a8f38,magazino_move_base_flex
993,c12dab8a6f228b268723f51b19656b37d98a2657,magazino_move_base_flex
994,c131e70ee8fcef7d7c296017d34f60f7bf68609b,magazino_move_base_flex
995,c146db4154e1abadb9017655a3502ab1bed97e1f,magazino_move_base_flex
996,c149af94519a349d9d39748367dfbf24789605f9,magazino_move_base_flex
997,c16d21b1a7364c960aa1bbae36221f4b7e77481d,magazino_move_base_flex
998,c199bd928323206c1cf67c29a0edddf479ed575a,magazino_move_base_flex
999,c19c7e4326b6fe9fca99bb1ee165205140e1eace,magazino_move_base_flex
1000,c1bfb21bc4418ad9bd2a81a25958cfa235eb61fb,magazino_move_base_flex
1001,c1ed408420031a012c4784ff7ba0c6e594a37659,magazino_move_base_flex
1002,c209f5a57cf49d75dc65c1cdaa8a13c32d9ef78e,magazino_move_base_flex
1003,c230def31a16d1efcefbddea2e7ff6f29241c88e,magazino_move_base_flex
1004,c249a294d6e8386bb83d3595d030ade016285af3,magazino_move_base_flex
1005,c265c8edff197fc9189a4b9856a566e746a84190,magazino_move_base_flex
1006,c29fe881d9833269e6e2a0ccc3e55e7f1b1a495a,magazino_move_base_flex
1007,c2afd0d412e8d262c06ba6c32d92ae0cda979c70,magazino_move_base_flex
1008,c2e7619841ab80557461443b857d1c8514e22e97,magazino_move_base_flex
1009,c33d38933fa2b0cb8d54a201c102623afff580da,magazino_move_base_flex
1010,c3555f1a6d4f9e538aebeb5f2a05bd24ac3d6425,magazino_move_base_flex
1011,c358e33f377da4b5dd1195bef1be2020449be75c,magazino_move_base_flex
1012,c3a5b7e7c4512db8c7d3bcc98263efbd53268215,magazino_move_base_flex
1013,c3fa40fedb8554e9aceb3f2ccea5619ddbfa160a,magazino_move_base_flex
1014,c44a7c0d2d4663f1c94e3f143dfd4b41ba7911d1,magazino_move_base_flex
1015,c44b78e17cf0a4d4063907a6f50beea31fb61e76,magazino_move_base_flex
1016,c4c24ffebc017a6d5f258bbf175524496b94a5af,magazino_move_base_flex
1017,c4d7e1299158362bc031e5c5b595920133753c68,magazino_move_base_flex
1018,c53536772faee170b8f3dbb68025e4c224979e1e,magazino_move_base_flex
1019,c53df889a7c613d3824adb302354e7bf52f953d9,magazino_move_base_flex
1020,c5438dafa6d3acfb518b1ad0db81b9bd9d21451c,magazino_move_base_flex
1021,c55ef586c695f79e3f7c3dd3d5a04afa70d25f47,magazino_move_base_flex
1022,c5c4be3068d9f349467ce5cc29b60a2144f8bfdd,magazino_move_base_flex
1023,c5edfaf290e94db2f00d5c388be8236bf89282dd,magazino_move_base_flex
1024,c64ef26263cc6a817f5cb73901e285798556f6d2,magazino_move_base_flex
1025,c68fae5e94c17a9cc605757252599faad37eb6a6,magazino_move_base_flex
1026,c69c51f52daf9b77ef548e1b12bc393ded560b9b,magazino_move_base_flex
1027,c6b69373e58b3bea95772efce759a9c1e82026a8,magazino_move_base_flex
1028,c6f04dd916bc97ff060c8ab353c33f1b0fd6f490,magazino_move_base_flex
1029,c75478beead6714e29895e025f60f5b55300504d,magazino_move_base_flex
1030,c7737d94a835348c3c24750e81d9731122fd0980,magazino_move_base_flex
1031,c776e2db299eb25e361370d4c605a56cdae58e88,magazino_move_base_flex
1032,c7b6a2b1bc17c7ccb33ad39ea2540e7add51d6ac,magazino_move_base_flex
1033,c7ec13d6b63c6a74f002d377fc30582b5c1604c4,magazino_move_base_flex
1034,c7faea6385940112fb5f994494fc5e2325a21ff2,magazino_move_base_flex
1035,c7fd94d2a04f87def512d302c7e0bfad7f72fb2e,magazino_move_base_flex
1036,c800bd8c5f2122cde7c9969c999115c5a6f9109c,magazino_move_base_flex
1037,c81bee12ddfc29e6ae364596b4f16b280eea7eb4,magazino_move_base_flex
1038,c81cfbdd1c0b7fa187e8cc2e8daf6f0e19bb387a,magazino_move_base_flex
1039,c894ba18640a1fa2a0e5cab155f7d0b32aa3bffe,magazino_move_base_flex
1040,c8a6eff839b5520bad7bab9d6bfcd3bcd9f97ce3,magazino_move_base_flex
1041,c8dd69bd6ecba89c4e424913a39514932d135723,magazino_move_base_flex
1042,c9385438feb60e0f3388d6a298471194a4fd70fc,magazino_move_base_flex
1043,c9c027b5df4f4e51ec81987b7a80891b8ed413d3,magazino_move_base_flex
1044,ca48e955bffe60240f6c9468577545bd4e5fcd76,magazino_move_base_flex
1045,ca67f7bfa017f60370f19c61ec3dddeeb8cbf7bd,magazino_move_base_flex
1046,ca9aa530dc8624c67e1475795901fbb7a57af4d5,magazino_move_base_flex
1047,caed98a199932d3de506d31e6007cfa9128c3ba5,magazino_move_base_flex
1048,cafcf7121c0d1fe25f8dc00d3bf17321c838e359,magazino_move_base_flex
1049,cb01eb9cf96e642cdc22ca4c7e02dcd0e77ac562,magazino_move_base_flex
1050,cb072fcf7c6b094f206077265d87379b5019cfc8,magazino_move_base_flex
1051,cb192dc0c18f218652555c3eccd458e8f290077f,magazino_move_base_flex
1052,cb57276fcc3d40602ca1bb9cacfb6bfec348927f,magazino_move_base_flex
1053,cb5f2862a4d4705808723d085abaeffa6cd7c76e,magazino_move_base_flex
1054,cb785410ec398569df141ded1ea2a9cf689d50cb,magazino_move_base_flex
1055,cbc73ce5ecd5698d5f98f2260f7480fbf104256d,magazino_move_base_flex
1056,cbceae1ae23097ddd30de4cc3554ece996db69e5,magazino_move_base_flex
1057,cc132bbe31c72bbd81f46e489e4b98a76dfa413d,magazino_move_base_flex
1058,cc3482cb892e1100d515e749c0fabcc97de9592b,magazino_move_base_flex
1059,cc4e062108df61d8792dd5cbc01a577bd875eea5,magazino_move_base_flex
1060,cc5351a266399199c449828dcb351301c4253117,magazino_move_base_flex
1061,cc53722699374f291be9f82d4d75b8162ef57ffc,magazino_move_base_flex
1062,cc8feea86071c6fdc8d91f1336d36a241ac7a0b8,magazino_move_base_flex
1063,cce46e598660ffab483fd599306cb9e969105675,magazino_move_base_flex
1064,cce890bae620747237fb81baae623d14183fae2c,magazino_move_base_flex
1065,cd44b4c1dfdf10b07f94144c26375427bbac52f3,magazino_move_base_flex
1066,cd47031dde832c1f6b7b6baa1d3bdc7afb5a5112,magazino_move_base_flex
1067,cd8d86250c1faf976d9def406bd69b471af6f289,magazino_move_base_flex
1068,cd95b2477bd6d3421060a4bb869a83b795c005a3,magazino_move_base_flex
1069,cda132f2db31daabba38413c2320f68d65641a5e,magazino_move_base_flex
1070,ce068ed7c214d37753fa3bf59caa0860f66370c6,magazino_move_base_flex
1071,ce0c90d213e82d03c67a93c3c6d4a8c8575caf67,magazino_move_base_flex
1072,ce2d8123832af0cabd72a15f2fea497ce6fdb727,magazino_move_base_flex
1073,ce89ec3a21f2df89740eee83ff0cfaace9bed160,magazino_move_base_flex
1074,cedb911ed3bb92016bff643001cf4b11182f7c1a,magazino_move_base_flex
1075,cf144d5470fc0d8e1c9bb022a33671af57a89b7e,magazino_move_base_flex
1076,cf261bac7a3824a7d343ea684b319b599c996d8d,magazino_move_base_flex
1077,cf443ef3ab642929a627683615bac814de002c01,magazino_move_base_flex
1078,cf53cabbca1aa42bb5037a4a0737ee287502e510,magazino_move_base_flex
1079,cf6a919c9cdbc2f4d69dd2a775d531b6ed7db15c,magazino_move_base_flex
1080,cfaf2d7cbc041ef3edc65efc701be60e5c5ae014,magazino_move_base_flex
1081,cfbdcc91a3701379795f13c64203380bc55cb297,magazino_move_base_flex
1082,cfc29d09fd3fd69ce38a1941ba41815e48fa96ab,magazino_move_base_flex
1083,d049775f02b59a1f1f2eaa55f41eb0269760a7dc,magazino_move_base_flex
1084,d0e2048f0938f72ef9ac47f36a84a34eb95ae96d,magazino_move_base_flex
1085,d11838c53ef5fd4472ed4dfc5aa448eccf1354f4,magazino_move_base_flex
1086,d15bbdb6df9cba32963a4ae8ef64a648d0297162,magazino_move_base_flex
1087,d16f538ecda108a41247710d9a908f6c6c4a6029,magazino_move_base_flex
1088,d1a7f67f578ba6b1edef26f7dc75ab616848933b,magazino_move_base_flex
1089,d1d770716dbfca40d5d12ed65633eaf57f64355e,magazino_move_base_flex
1090,d1ffbc4e31bf9e77a28d76c2ebf4f274bd819571,magazino_move_base_flex
1091,d2312fba33f235bc32f1d4d79ee7bfe582e5d0e9,magazino_move_base_flex
1092,d273845155140bafb8b99291365d57bcccc5d53f,magazino_move_base_flex
1093,d27d6e3d4285626759b9cc85d11c42790956c0fc,magazino_move_base_flex
1094,d2848552acf1db2ef559168df7011c97b3398cea,magazino_move_base_flex
1095,d2b1c4965e5bf346ac92f9f81d748dd18ea8c9e5,magazino_move_base_flex
1096,d2df4451bf8af8a46bcf720bba88b929f2e98745,magazino_move_base_flex
1097,d2eb83af28e8144eb3b805c3c755b955b15534bf,magazino_move_base_flex
1098,d328533746f98662085013b1ff002167748dfcd6,magazino_move_base_flex
1099,d334531a9f77321debc2c9a383eb83e6cbb282ba,magazino_move_base_flex
1100,d3806cd19961924bc14b7ed38ab3dd196209eaa0,magazino_move_base_flex
1101,d3bcd622331d564b4d89e6d5d9b56d13ad775a8e,magazino_move_base_flex
1102,d412dbb6943095369c27d2023409f01718fd6c62,magazino_move_base_flex
1103,d462ee2cd52aedc9816d0a18a9abf7f95da20239,magazino_move_base_flex
1104,d46ce9e38bdf0ee651256eed11b1d2e3eebf10ce,magazino_move_base_flex
1105,d4ac8d6570075f4a426e36f9009dc1a99a4b6e9f,magazino_move_base_flex
1106,d4b164ded592245f9a4d93c3a5926353a38157ac,magazino_move_base_flex
1107,d4e073c19b609ddf9e7a3ac65a4a2188501eae21,magazino_move_base_flex
1108,d4f0455f08c340ce67d06c33db2bdae696c218cd,magazino_move_base_flex
1109,d5412ae900e0cce22ecca25c96b941d5b43ada49,magazino_move_base_flex
1110,d54ce428d8f4ec33dd00492b39d2feac21951134,magazino_move_base_flex
1111,d591ee3f2f6ec0f20d1f24b2ee9718b6ae2fda53,magazino_move_base_flex
1112,d59afd3ab090c7f13a10098295cf8e1638d5286f,magazino_move_base_flex
1113,d5d7c4c2827c499f7b6f3e6cc454c446d2a3baee,magazino_move_base_flex
1114,d5fb272d024ea87efe30110c87b7d90137581c50,magazino_move_base_flex
1115,d6e087b8f1272a9bfe93c8383b3a7735cf431051,magazino_move_base_flex
1116,d6f3cb9fa980d01a5b642ca9d9970164e80188bf,magazino_move_base_flex
1117,d70070f7ba28b60eaa10b22fb7df525e384e52b7,magazino_move_base_flex
1118,d7c6a55fb6d175c2c1e3dde58d999d28eabd0019,magazino_move_base_flex
1119,d7cb4259e060786f8607590141c12a2c6cc4daf0,magazino_move_base_flex
1120,d82c57311f8bc817bfdf8a7e01c0e5aaa4d71cde,magazino_move_base_flex
1121,d8a5f3f159ef31a45645becfdee38fce0480ee16,magazino_move_base_flex
1122,d8e1e2ac4e1e0923c885fd98a4bf732ecdea6e28,magazino_move_base_flex
1123,d8f0f4a0025740a55a72c0c7c20229ed2747ae6c,magazino_move_base_flex
1124,d925794c8141d2cde3be476ce039190d42477775,magazino_move_base_flex
1125,d9fb2b51c95f789d9dd28679579ac5c70d06aac7,magazino_move_base_flex
1126,da12568dff2dfeb3c938ca13590a3e6b9d6578db,magazino_move_base_flex
1127,da314c9600b99c577fe760a9957240179b298c3f,magazino_move_base_flex
1128,da3edca85d7cdb59da9db87d093e6416fd3469ee,magazino_move_base_flex
1129,da42ac79cec5fa6a2bd6895309cc01bda7a17c89,magazino_move_base_flex
1130,da524ed291fb162bacfdb26685210333ec3b918d,magazino_move_base_flex
1131,da5d1e45acce55b1d92c672beec057dc44eda229,magazino_move_base_flex
1132,da6ea5f4310bd8815f59f537626e66a38c14f328,magazino_move_base_flex
1133,dabe18343e5a686f685fd8e30287bd3b24cefdcc,magazino_move_base_flex
1134,db163bc5146960bf6e4eee12ba21fe7f3cf609a2,magazino_move_base_flex
1135,db4efdc652bf22948d8f4e12e716fbf2996c2e0f,magazino_move_base_flex
1136,db7f10d58768836639ceff3d4506f5fd8917f7c4,magazino_move_base_flex
1137,db86b77762975b04f25b4fe5b1242408497dfcfd,magazino_move_base_flex
1138,dbb53fa9f5f42ba338ea365f16d09fa62d2e38ad,magazino_move_base_flex
1139,dbb6ccecdad8a5a95f27b446d7d06b1b835019ae,magazino_move_base_flex
1140,dbd7507906370e9136dc1aac0ea9ae19d3662aa7,magazino_move_base_flex
1141,dc4779dfc1ffe689e4e4283ee26aa330c1dfe976,magazino_move_base_flex
1142,dc63b143d7424dfa25846a78532dcc084b339db3,magazino_move_base_flex
1143,dca6005978873b9514f8f719aec4410c4f3c7eea,magazino_move_base_flex
1144,dcd414636254adb64723f3b529bfba1c90113f8f,magazino_move_base_flex
1145,dd7b125264235d120caa7f95c1b6b6eda3747c6d,magazino_move_base_flex
1146,ddb71f668f14c271a1826da871c069d5b67dd15d,magazino_move_base_flex
1147,ddcd562a2b4ed630a551b23a13dcd04dcada1516,magazino_move_base_flex
1148,dddb80fadf5e6dc22c38a2059f12976d5b9b4671,magazino_move_base_flex
1149,de3ed42b7e58cdc70168741e87e7c17431df36b3,magazino_move_base_flex
1150,de562f2dfcc18841e7242c08dc1cfb26e462c60e,magazino_move_base_flex
1151,de9d863f8c52aa9005cf8f870da6bf8ded900d0f,magazino_move_base_flex
1152,deae14d2bd74336e9a7dd3059ad02fc172b62839,magazino_move_base_flex
1153,decdb35fe6d4c13ac28867e097eb30023435d635,magazino_move_base_flex
1154,df3f6cdb74894fd3491b3943b3dea43eb70e8ffd,magazino_move_base_flex
1155,df6c4aeb9e5998741b128a45fefb7caf9f731db8,magazino_move_base_flex
1156,df8b4273f0dbdaec4a8c3af2b9e4169ff40e284f,magazino_move_base_flex
1157,dfca532506e89aa89c9645b12c67e031ef2aa4c2,magazino_move_base_flex
1158,dfd8e09a748da3a9ab35db9a3bed679d87907d74,magazino_move_base_flex
1159,e0396c7646dc0779769be09f92829d4e2c98872b,magazino_move_base_flex
1160,e043eb4a0e5c1fd6eda91eeca8593862b85a6c5c,magazino_move_base_flex
1161,e06c1a0cbdb65a45ae58b8a4d398ba14a4b2e7d9,magazino_move_base_flex
1162,e0a4a89616884da65b41d5f390162185af86e81c,magazino_move_base_flex
1163,e0be893605825353802009fad0bf51e63f6c7c7e,magazino_move_base_flex
1164,e0d8220095fe560a5b27cb2e61bf7225eeba7c12,magazino_move_base_flex
1165,e128b38b3d0fab00cc4ac4a6c1d68f662f1c3667,magazino_move_base_flex
1166,e162ae193615c300abb9257466af8610f878edeb,magazino_move_base_flex
1167,e177bed436f3c6df44fcc859209fa0e954c0672d,magazino_move_base_flex
1168,e18acb67691cfa01debe61bad515662d715b26eb,magazino_move_base_flex
1169,e203dac36c6d34a407e48e32c7dc4b295f43c2d4,magazino_move_base_flex
1170,e2247ef73d7b5a3e9fc5879f5cc796d11c00f0a1,magazino_move_base_flex
1171,e240e5f043c48db04ec2cdc711f287e7010dbf91,magazino_move_base_flex
1172,e24f5105a95c18864fefe0a85bf3f6abc125f645,magazino_move_base_flex
1173,e2582e6c4f619306cac45bd26ce4592d620ecf7b,magazino_move_base_flex
1174,e2a5d277535632ea541c23679a572d3ed25a5f5d,magazino_move_base_flex
1175,e30bfaf6e8b0fede6bc1fd3c3cd4f99cca1a6b7f,magazino_move_base_flex
1176,e330b0f8bae439c574540ff270213beb4db80916,magazino_move_base_flex
1177,e33bcb2668ed836fdbae56cc55700090d22ac1e1,magazino_move_base_flex
1178,e349c5a6ba9df4695ef33b962d134c3f3ab42112,magazino_move_base_flex
1179,e3528f21da6dda3e7972ccc24030da8fc86e136b,magazino_move_base_flex
1180,e3f7e12992bef5cdfe188a508808f9772c45720f,magazino_move_base_flex
1181,e43fb02104f6edd975ccc8a1faa67d3a64a4d359,magazino_move_base_flex
1182,e4494e44fc26a925b35be50829ae45e95fdf2ddd,magazino_move_base_flex
1183,e491afc62484df4af5b739a95573f1ef91b27231,magazino_move_base_flex
1184,e4a502f11ae6d2701321e69e8b242dfe29d46f4a,magazino_move_base_flex
1185,e4bc0e7e143d46ba4d9e85ee86c58bbddb42c515,magazino_move_base_flex
1186,e4cdbb9f9ca0191cfd1905ff5125f67685292534,magazino_move_base_flex
1187,e4ff33d74c8f3ee4de5c8a5d9c1264f25d13b6c3,magazino_move_base_flex
1188,e5660209b129c84ec765f092a1f1b9dcae57003a,magazino_move_base_flex
1189,e59e7537272d916d3acd12ce175fb22ca9190ccc,magazino_move_base_flex
1190,e601e22cefaaba5bf187bdec9dbcefaf05edbb88,magazino_move_base_flex
1191,e6297cc54a34ee90de9cd91207c19eab3c904d4f,magazino_move_base_flex
1192,e6632f3da3387d97671e6485f361e6c8d4f331bf,magazino_move_base_flex
1193,e6b6133decc41d75adc7017df47a5d5b78870e70,magazino_move_base_flex
1194,e70201c7d206971817bec50a5a9b037ef21a7e94,magazino_move_base_flex
1195,e7180c737cd1e87d7d568e56bc286f60e7d9b406,magazino_move_base_flex
1196,e71d2d6e4cc7ec94ade13e730969e8987df90802,magazino_move_base_flex
1197,e71e1af8e77b6306c32636b677b1be997f679fbd,magazino_move_base_flex
1198,e7981d962fb17ec5893587cd063d4a7b9ecc37a9,magazino_move_base_flex
1199,e7bc22a61771c08f583938b4f51852828e5e5b1b,magazino_move_base_flex
1200,e7df6d9510a3a7fc258b7f1ffce051503fa4edaf,magazino_move_base_flex
1201,e7e78d45ef51d03b389ba55386453ef76cb1ee2d,magazino_move_base_flex
1202,e82255570914fcfb48fee704e6d1f3ee360c994c,magazino_move_base_flex
1203,e82c3fab0d8d1292f67da479308bc6ccd944406a,magazino_move_base_flex
1204,e86e58f13724c95c039c5b9237a2e55f0df0dfd7,magazino_move_base_flex
1205,e874d9330cd31e90af16dd4f765a03c28f161374,magazino_move_base_flex
1206,e8c77182816d50fb247aaa12d8e12d432a0bc533,magazino_move_base_flex
1207,e8dfa0f30b15a706027a64ded741f3a1cfd8df0d,magazino_move_base_flex
1208,e9519edf362b3ddd8372b1afb282206ef27f095e,magazino_move_base_flex
1209,e999dbf56db9212e145969ce07027157976d80d1,magazino_move_base_flex
1210,e99a1ab2e0256e63d3ce49be7324c059049f60fe,magazino_move_base_flex
1211,e9bdd6084ca42f1147b39aa4695058b4c9f86d62,magazino_move_base_flex
1212,e9bf11dc9923d197f39f26f5ae55af0f40fc18c0,magazino_move_base_flex
1213,e9c97fb98d3c3ed27da4acbc5201f295ed178e23,magazino_move_base_flex
1214,ea015e67c715a027814f02faad02d1a4da8aa098,magazino_move_base_flex
1215,ea52b8b1758cc88410a3281919c73d06b81a23df,magazino_move_base_flex
1216,ea6e5e22a1eaa97f3f447e66c5245cf4053456ed,magazino_move_base_flex
1217,ea78ab666d1852c43521b9031c399e07ba0acc34,magazino_move_base_flex
1218,ea91b273da4e681bc53e522f09f365f4db4b8504,magazino_move_base_flex
1219,eab13888bed6df3476f60cf3f07514af5d381d79,magazino_move_base_flex
1220,eae31cf7e4368c386deed81d3c3de6efe05e8855,magazino_move_base_flex
1221,eb1b48663acfae48c6e9dd54b9f36b881d65ea76,magazino_move_base_flex
1222,eb9d6a6c1abfed4d812685597fab9f4bd5d4cdb0,magazino_move_base_flex
1223,ebd7801ee922c89c6ee001249e3d80810779a39c,magazino_move_base_flex
1224,ebdc20b0b8635d4a2e9043cd91f8332240a87261,magazino_move_base_flex
1225,ebfd8f194237d3fe2e278204c61bbf861663c440,magazino_move_base_flex
1226,ec6e19312acfce69973c6bf5bf67b61febac2610,magazino_move_base_flex
1227,ecc6730656cbfb51a4bd4da1821a736819c2318d,magazino_move_base_flex
1228,ecc91a6428880e3ca300dbe85d95448e8099a3e5,magazino_move_base_flex
1229,ed6d13133ef57a5892221f09c094c1cfb60b4881,magazino_move_base_flex
1230,ed7028502e67ac92b0d150e9acb3bced72780e7a,magazino_move_base_flex
1231,ed74228ed1514c8d090d11d62888170c36486ef1,magazino_move_base_flex
1232,ee298f4d24c150bebecc91397dafd2e34c595e6d,magazino_move_base_flex
1233,ee554888d6014f2f5d1a27ffd341c0d7fb799557,magazino_move_base_flex
1234,ee5eda2599695514144c7a49ecd250bb763f4e98,magazino_move_base_flex
1235,ee9e6cf7797c52ecba5e673f8dd8c7c5f41271fe,magazino_move_base_flex
1236,eefd30bd7f806e2bc9b24e1a0fa010d23458a7c7,magazino_move_base_flex
1237,ef1890b42f64dedbef01ef82d07fe2cb7301b1e5,magazino_move_base_flex
1238,ef19ea3a55b2272554a9f329f0160e600b4c83c4,magazino_move_base_flex
1239,ef3bfe06ec8deb6c96384f502bacad8acf77560a,magazino_move_base_flex
1240,ef521b7e20f1d2d36a1cfffaccd49492e92f99a3,magazino_move_base_flex
1241,ef8782e41ad94a29ef5052da78bf5e1220c1def6,magazino_move_base_flex
1242,efc9eea2d81abf0a88069896a602ebf108ccecb2,magazino_move_base_flex
1243,f004636caaac3be2bcabe19d763ed5faa88abc0a,magazino_move_base_flex
1244,f035c5b6112d6617951a6054bb488ffd942a5cc9,magazino_move_base_flex
1245,f04bc207c28cf068ce0a29636df4ff15d61102c6,magazino_move_base_flex
1246,f0989b0e40199dc060a7a62d139c83b948cd8899,magazino_move_base_flex
1247,f12b3f2ea3aeb85ff1b5b248226ba134fcf4a157,magazino_move_base_flex
1248,f14acaa5a959f3bb9f323a0a371e6a98b45fd550,magazino_move_base_flex
1249,f1521d9c184711b259ee20896e8e9e037fa1386a,magazino_move_base_flex
1250,f168bfc0b534b9bc6a8bd820ae832aaa5cf6af88,magazino_move_base_flex
1251,f1b69ec585bde58497fc044b8ea1077bd588bd16,magazino_move_base_flex
1252,f1c00d9721605601c8e7c9fec176e53b1ab9ced8,magazino_move_base_flex
1253,f21fde6daf55f430e5637f4f88d385bd5c23c52c,magazino_move_base_flex
1254,f22141db02db1a596349e2fd50da295f94af3aee,magazino_move_base_flex
1255,f249d172464076d330484d226654e0c70b735d76,magazino_move_base_flex
1256,f24ecbf399f1524783553c83073538f5d319e533,magazino_move_base_flex
1257,f2899e6e01b982a311f9835a7c4960d71763d406,magazino_move_base_flex
1258,f2ac356c1cd4a8f1099cc7247439e5f898f64bcf,magazino_move_base_flex
1259,f2d093422964b300bb741c7691eacb2f91f81e37,magazino_move_base_flex
1260,f2e2f65f2aeece126dcc0efbe8e4c3ef2948f99e,magazino_move_base_flex
1261,f2fa8c4bd6111fb5daf96f82bb4204fde2c99456,magazino_move_base_flex
1262,f301586ca8834e3b83efca8d1d9595193e77aa65,magazino_move_base_flex
1263,f34a504a2f02f67d1614617f02dfaf96b5ad72ca,magazino_move_base_flex
1264,f36e2c88d0416f7962342d00ac10c0ef297e834e,magazino_move_base_flex
1265,f397730d5d93f2f05c54ac611aec1fa1c92fe4e3,magazino_move_base_flex
1266,f3d314aa3c062bbf44641de84e705f38d5cb242b,magazino_move_base_flex
1267,f3d6f355c2446ade5f1d794baa9a957d4589fc79,magazino_move_base_flex
1268,f42241bb44a2c69c3fffb8edd37554ec7bfd60b7,magazino_move_base_flex
1269,f470d44b10ff4a362fa4e31e1090d993aafda998,magazino_move_base_flex
1270,f4bf3859144122994723f9d0f855e512f349f057,magazino_move_base_flex
1271,f4dc62d60f561ac6ae8a9f4be677379bb1b78074,magazino_move_base_flex
1272,f4deada111c0ad0de1c53ea18bf8431edfe2cdb9,magazino_move_base_flex
1273,f51b7ce613730f524c4a12d7287d60c40da0cc02,magazino_move_base_flex
1274,f557d893b5d55ed91694492c45049c955b58275e,magazino_move_base_flex
1275,f562c9ba13c4c488e3f497a0e6de506731ce487e,magazino_move_base_flex
1276,f57f988e5841fc67b5db76cc3449401202d1450b,magazino_move_base_flex
1277,f5b4b292e028ccb497aa766d353c0d71d6046dea,magazino_move_base_flex
1278,f63f67f94d99100f290447f0078ddb64feff194a,magazino_move_base_flex
1279,f64a77317043cd42d7449522edb2fd2a342df01c,magazino_move_base_flex
1280,f652000a49328f42cab9d4bcf556b31de38cf6fe,magazino_move_base_flex
1281,f6953d4a5474830844f8b9665bb658b0d80b4942,magazino_move_base_flex
1282,f69ccd51368c3baa2f4e4a221ad400270064d1d7,magazino_move_base_flex
1283,f6cfcc23b4863ae036afde1d1798762a3a02f78e,magazino_move_base_flex
1284,f6ecddfe006e72e414168ada82f6595d3bf7c668,magazino_move_base_flex
1285,f6fe6a39afde12fcc35653713a8a17a4a96d74e2,magazino_move_base_flex
1286,f7078f4e90d4a32530ceb412824500a9207cfa34,magazino_move_base_flex
1287,f7275e0a0bbdf9fbcf9b3a6b68ae6ad9cd0f12ef,magazino_move_base_flex
1288,f72e5730a6f6b0a7c942ca5a782415d853a8e162,magazino_move_base_flex
1289,f7656426c547b77cc3c828e4c445b497a7f46345,magazino_move_base_flex
1290,f787831302e1b09a8e3a260ba90b1d74b96b031c,magazino_move_base_flex
1291,f7887bca2cdf1fcbc5455d1159ae9e129ec926cb,magazino_move_base_flex
1292,f7ace90dc670c774a5010c40cb0344ea7a08e110,magazino_move_base_flex
1293,f7afaca88b22d585f58e1b8353ce930d67f1bd6a,magazino_move_base_flex
1294,f7e81eebf3f8dabb309b0bc7094ca030fb91dbd2,magazino_move_base_flex
1295,f7efbb65dbef22ee062e62624bdb146df26dd781,magazino_move_base_flex
1296,f87c5a2dcf433404921295e20e189b2e80d64f8a,magazino_move_base_flex
1297,f8a407570c4d7a63d8c4c1b955742cf35002ea96,magazino_move_base_flex
1298,f8ecc809d20aadd9ad169863bf94c195013ff387,magazino_move_base_flex
1299,f9a523efe999d737f3a021a35fd1e4d5c2f13f75,magazino_move_base_flex
1300,f9c5423fae778c83ed9bc1a2bb92c1752032835d,magazino_move_base_flex
1301,f9c95a25efa99a659d0c6aab6599f5af22bd00e9,magazino_move_base_flex
1302,f9c97ab94be7eafc912fe2aeffd87afab280321c,magazino_move_base_flex
1303,f9df21d085239311b03533be67e56c61b5ce4c32,magazino_move_base_flex
1304,f9ff7798940fed7e7699f511710041126b55c27b,magazino_move_base_flex
1305,fa63625adcc5446123c16266c19f0007f3ab4615,magazino_move_base_flex
1306,faa86548d91743611580232b8e121e09d0a5ebae,magazino_move_base_flex
1307,faf2dc8c4975d322ea39d03afa887ea7f7a216b3,magazino_move_base_flex
1308,fafc4fe85ef092c7039ea63b7949f6646d537735,magazino_move_base_flex
1309,fb26ba5d9ec8d0f1a6f276cf1d7aeb1cb658dcf8,magazino_move_base_flex
1310,fb2d17a4697851800645ca527f03441beeba0f00,magazino_move_base_flex
1311,fbed8e04d7791290fd9bcf858490f7e149a90d4d,magazino_move_base_flex
1312,fbf8a0469de789d1f4088b1867433ed752c14366,magazino_move_base_flex
1313,fc2c3f3c14182b4ade2c703b67c5feb335d2e360,magazino_move_base_flex
1314,fc6952e116817e5da1516faca2e597716a06d18b,magazino_move_base_flex
1315,fc92e4d89a6196ec58c33bede38e5fc2a2daf932,magazino_move_base_flex
1316,fcea68f068a2378e316fc795e9b7a4bf1c09cc52,magazino_move_base_flex
1317,fd667dfe1033269107c52486741fcb252473cd61,magazino_move_base_flex
1318,fd96855fdd4efa54c22873f87659107a7cb14d4d,magazino_move_base_flex
1319,fdc89d370b8104bd0c5db19346e6d783e61d0903,magazino_move_base_flex
1320,fddc74b7172f39da600e61a39b459227a539424c,magazino_move_base_flex
1321,fdef913514a0abd6c05650940190d925a8e1ee25,magazino_move_base_flex
1322,fe5d625d994b71aba8fcc3f6aef4dffedd26f171,magazino_move_base_flex
1323,fe6f0eb8bfe3b111b29d64c26a89444843d3ced7,magazino_move_base_flex
1324,febd00dcc77b0af679cc7e5a41fd0fdb67434ff6,magazino_move_base_flex
1325,fee6dc642ea5d668e66003fdeaaac6cc49ea3128,magazino_move_base_flex
1326,fef849f49a912caff726ed5d938bdb5baaad146c,magazino_move_base_flex
1327,ff34d9bde10d3b4730e11393286b78665d1eb6fb,magazino_move_base_flex
1328,ffb5897ed23dedc6a33e943fc961c6e582b2d22e,magazino_move_base_flex
1329,ffc6c2f25f0a6961509db4fa42510593a55bb1e8,magazino_move_base_flex
